2026-08-12 00:09:58,645 - INFO - (False, '[GAME NOT FOUND]')
2026-08-12 00:09:58,645 - INFO - metrolirot
2026-08-12 00:09:58,645 - INFO - 2
2026-08-12 00:09:58,692 - INFO - (False, '[GAME NOT FOUND]')
2026-08-12 00:09:58,692 - INFO - hellohaaah
2026-08-12 00:09:58,692 - INFO - 8
2026-08-12 00:09:59,112 - INFO - (False, '[GAME NOT FOUND]')
2026-08-12 00:09:59,112 - INFO - juliusaniag
2026-08-12 00:09:59,112 - INFO - 9
2026-08-12 00:09:59,363 - INFO - (False, '[GAME NOT FOUND]')
2026-08-12 00:09:59,363 - INFO - UsernameIsNotYetTaken
2026-08-12 00:09:59,363 - INFO - 4
2026-08-12 00:09:59,364 - INFO - (False, '[GAME NOT FOUND]')
2026-08-12 00:09:59,364 - INFO - arasain
2026-08-12 00:09:59,364 - INFO - 1
2026-08-12 00:09:59,617 - INFO - (False, '[GAME NOT FOUND]')
2026-08-12 00:09:59,617 - INFO - Bong1988
2026-08-12 00:09:59,617 - INFO - 6
2026-08-12 00:10:00,839 - INFO - (False, '[GAME NOT FOUND]')
2026-08-12 00:10:00,840 - INFO - iamweakerrrr
2026-08-12 00:10:00,840 - INFO - 7
2026-08-12 00:10:00,851 - INFO - (False, '[GAME NOT FOUND]')
2026-08-12 00:10:00,851 - INFO - Patrick_354
2026-08-12 00:10:00,851 - INFO - 5
2026-08-12 00:10:02,394 - INFO - (False, '[GAME NOT FOUND]')
2026-08-12 00:10:02,394 - INFO - SecretAccountNationals
2026-08-12 00:10:02,394 - INFO - 10
2026-08-12 00:10:02,803 - INFO - (False, '[GAME NOT FOUND]')
2026-08-12 00:10:02,803 - INFO - zdreds
2026-08-12 00:10:02,803 - INFO - 3
2026-08-12 00:10:02,807 - INFO - (False, '[GAME NOT FOUND]')
2026-08-12 00:10:02,808 - INFO - magnumcharger
2026-08-12 00:10:02,808 - INFO - 15
2026-08-12 00:10:03,767 - INFO - (False, '[GAME NOT FOUND]')
2026-08-12 00:10:03,768 - INFO - Lanceeeyyyy
2026-08-12 00:10:03,768 - INFO - 12
2026-08-12 00:10:04,024 - INFO - (False, '[GAME NOT FOUND]')
2026-08-12 00:10:04,025 - INFO - GZONEEE
2026-08-12 00:10:04,025 - INFO - 13
2026-08-12 00:10:04,035 - INFO - (False, '[GAME NOT FOUND]')
2026-08-12 00:10:04,035 - INFO - brixdeepsky
2026-08-12 00:10:04,035 - INFO - 18
2026-08-12 00:10:04,433 - INFO - (False, '[GAME NOT FOUND]')
2026-08-12 00:10:04,433 - INFO - mylix506
2026-08-12 00:10:04,433 - INFO - 20
2026-08-12 00:10:04,678 - INFO - (False, '[GAME NOT FOUND]')
2026-08-12 00:10:04,678 - INFO - IvanCIT-U
2026-08-12 00:10:04,678 - INFO - 17
2026-08-12 00:10:04,973 - INFO - (False, '[GAME NOT FOUND]')
2026-08-12 00:10:04,973 - INFO - CharlsGuevarra23
2026-08-12 00:10:04,973 - INFO - 16
2026-08-12 00:10:05,387 - INFO - (False, '[GAME NOT FOUND]')
2026-08-12 00:10:05,387 - INFO - Black_Knight_0721
2026-08-12 00:10:05,387 - INFO - 19
2026-08-12 00:10:06,471 - INFO - (False, '[GAME NOT FOUND]')
2026-08-12 00:10:06,471 - INFO - Densluhv
2026-08-12 00:10:06,471 - INFO - 14
2026-08-12 00:10:06,472 - INFO - (False, '[GAME NOT FOUND]')
2026-08-12 00:10:06,472 - INFO - kuloping
2026-08-12 00:10:06,472 - INFO - 0
2026-08-12 00:10:06,716 - INFO - (False, '[GAME NOT FOUND]')
2026-08-12 00:10:06,716 - INFO - Ryuzaki_Kagami
2026-08-12 00:10:06,716 - INFO - 24
2026-08-12 00:10:07,016 - INFO - (False, '[GAME NOT FOUND]')
2026-08-12 00:10:07,016 - INFO - henrie_villanueva
2026-08-12 00:10:07,016 - INFO - 26
2026-08-12 00:10:07,042 - INFO - (False, '[GAME NOT FOUND]')
2026-08-12 00:10:07,043 - INFO - LIM_xianxikell
2026-08-12 00:10:07,043 - INFO - 23
2026-08-12 00:10:07,320 - INFO - (False, '[GAME NOT FOUND]')
2026-08-12 00:10:07,320 - INFO - Yohanaintreallmao
2026-08-12 00:10:07,320 - INFO - 11
2026-08-12 00:10:08,126 - INFO - (False, '[GAME NOT FOUND]')
2026-08-12 00:10:08,126 - INFO - sairealpracticegames
2026-08-12 00:10:08,126 - INFO - 29
2026-08-12 00:10:08,127 - INFO - (False, '[GAME NOT FOUND]')
2026-08-12 00:10:08,127 - INFO - ar_mac
2026-08-12 00:10:08,127 - INFO - 21
2026-08-12 00:10:08,892 - INFO - (False, '[GAME NOT FOUND]')
2026-08-12 00:10:08,892 - INFO - marilyn000000008
2026-08-12 00:10:08,892 - INFO - 28
2026-08-12 00:10:08,991 - INFO - (False, '[GAME NOT FOUND]')
2026-08-12 00:10:08,991 - INFO - JPDA14
2026-08-12 00:10:08,991 - INFO - 31
2026-08-12 00:10:09,002 - INFO - (False, '[GAME NOT FOUND]')
2026-08-12 00:10:09,002 - INFO - keylan127
2026-08-12 00:10:09,002 - INFO - 33
2026-08-12 00:10:09,201 - INFO - (False, '[GAME NOT FOUND]')
2026-08-12 00:10:09,201 - INFO - yasu1234
2026-08-12 00:10:09,201 - INFO - 25
2026-08-12 00:10:10,035 - INFO - (False, '[GAME NOT FOUND]')
2026-08-12 00:10:10,035 - INFO - SHR3DDER_YT
2026-08-12 00:10:10,035 - INFO - 32
2026-08-12 00:10:10,043 - INFO - (False, '[GAME NOT FOUND]')
2026-08-12 00:10:10,049 - INFO - Vonfire1014
2026-08-12 00:10:10,052 - INFO - 30
2026-08-12 00:10:10,227 - INFO - (False, '[GAME NOT FOUND]')
2026-08-12 00:10:10,229 - INFO - baguhan_24
2026-08-12 00:10:10,229 - INFO - 34
2026-08-12 00:10:10,330 - INFO - (False, '[GAME NOT FOUND]')
2026-08-12 00:10:10,343 - INFO - remain_ablaze
2026-08-12 00:10:10,343 - INFO - 35
2026-08-12 00:10:10,435 - INFO - (False, '[GAME NOT FOUND]')
2026-08-12 00:10:10,435 - INFO - renzdariel
2026-08-12 00:10:10,435 - INFO - 27
2026-08-12 00:10:10,619 - INFO - (False, '[GAME NOT FOUND]')
2026-08-12 00:10:10,620 - INFO - cramcram68
2026-08-12 00:10:10,620 - INFO - 37
2026-08-12 00:10:10,728 - INFO - (False, '[GAME NOT FOUND]')
2026-08-12 00:10:10,728 - INFO - Kaerazu
2026-08-12 00:10:10,728 - INFO - 36
2026-08-12 00:10:11,139 - INFO - (False, '[GAME NOT FOUND]')
2026-08-12 00:10:11,139 - INFO - soleightude
2026-08-12 00:10:11,139 - INFO - 39
2026-08-12 00:10:11,932 - INFO - (False, '[This user does not exist]')
2026-08-12 00:10:11,932 - INFO - Iniakoiskinh
2026-08-12 00:10:11,932 - INFO - 45
2026-08-12 00:10:11,974 - INFO - (False, '[GAME NOT FOUND]')
2026-08-12 00:10:11,974 - INFO - BringHomeTheBeacon
2026-08-12 00:10:11,974 - INFO - 22
2026-08-12 00:10:11,974 - INFO - (False, '[GAME NOT FOUND]')
2026-08-12 00:10:11,974 - INFO - DeZengr
2026-08-12 00:10:11,975 - INFO - 38
2026-08-12 00:10:11,995 - INFO - (False, '[GAME NOT FOUND]')
2026-08-12 00:10:11,995 - INFO - JwnLwrnc
2026-08-12 00:10:11,995 - INFO - 40
2026-08-12 00:10:12,837 - INFO - (False, '[GAME NOT FOUND]')
2026-08-12 00:10:12,837 - INFO - hot_ice2020
2026-08-12 00:10:12,837 - INFO - 41
2026-08-12 00:10:13,032 - INFO - (False, '[GAME NOT FOUND]')
2026-08-12 00:10:13,032 - INFO - JonathanQFlores
2026-08-12 00:10:13,037 - INFO - 44
2026-08-12 00:10:13,038 - INFO - (False, '[GAME NOT FOUND]')
2026-08-12 00:10:13,038 - INFO - BrunoEarth2025
2026-08-12 00:10:13,038 - INFO - 47
2026-08-12 00:10:14,159 - INFO - (False, '[GAME NOT FOUND]')
2026-08-12 00:10:14,159 - INFO - JohnEsencia
2026-08-12 00:10:14,159 - INFO - 48
2026-08-12 00:10:14,959 - INFO - (False, '[GAME NOT FOUND]')
2026-08-12 00:10:14,959 - INFO - TheJedidiahSystem
2026-08-12 00:10:14,959 - INFO - 51
2026-08-12 00:10:15,081 - INFO - (False, '[GAME NOT FOUND]')
2026-08-12 00:10:15,081 - INFO - TheBreaker08
2026-08-12 00:10:15,081 - INFO - 50
2026-08-12 00:10:15,115 - INFO - (False, '[GAME NOT FOUND]')
2026-08-12 00:10:15,116 - INFO - trrsrldoop
2026-08-12 00:10:15,116 - INFO - 52
2026-08-12 00:10:15,282 - INFO - (False, '[GAME NOT FOUND]')
2026-08-12 00:10:15,282 - INFO - RainielVon27
2026-08-12 00:10:15,282 - INFO - 54
2026-08-12 00:10:15,819 - INFO - (False, '[GAME NOT FOUND]')
2026-08-12 00:10:15,819 - INFO - WPNHS_Jacob
2026-08-12 00:10:15,819 - INFO - 53
2026-08-12 00:10:16,213 - INFO - (False, '[GAME NOT FOUND]')
2026-08-12 00:10:16,214 - INFO - GreenDawn696
2026-08-12 00:10:16,214 - INFO - 49
2026-08-12 00:10:16,216 - INFO - (False, '[GAME NOT FOUND]')
2026-08-12 00:10:16,216 - INFO - Planet_Megino
2026-08-12 00:10:16,216 - INFO - 43
2026-08-12 00:10:16,226 - INFO - (False, '[GAME NOT FOUND]')
2026-08-12 00:10:16,226 - INFO - wanvis
2026-08-12 00:10:16,226 - INFO - 55
2026-08-12 00:10:16,629 - INFO - (False, '[GAME NOT FOUND]')
2026-08-12 00:10:16,630 - INFO - Febcold
2026-08-12 00:10:16,630 - INFO - 58
2026-08-12 00:10:17,527 - INFO - (False, '[GAME NOT FOUND]')
2026-08-12 00:10:17,528 - INFO - aaljayr11
2026-08-12 00:10:17,528 - INFO - 57
2026-08-12 00:10:18,227 - INFO - (False, '[GAME NOT FOUND]')
2026-08-12 00:10:18,227 - INFO - doytejo55
2026-08-12 00:10:18,228 - INFO - 56
2026-08-12 00:10:18,235 - INFO - (False, '[GAME NOT FOUND]')
2026-08-12 00:10:18,235 - INFO - noirb15
2026-08-12 00:10:18,235 - INFO - 59
2026-08-12 00:10:18,615 - INFO - (False, '[GAME NOT FOUND]')
2026-08-12 00:10:18,615 - INFO - Izayoi_23
2026-08-12 00:10:18,616 - INFO - 60
2026-08-12 00:10:18,662 - INFO - (False, '[GAME NOT FOUND]')
2026-08-12 00:10:18,663 - INFO - anthony4084
2026-08-12 00:10:18,663 - INFO - 61
2026-08-12 00:10:19,508 - INFO - (False, '[GAME NOT FOUND]')
2026-08-12 00:10:19,508 - INFO - Arve143
2026-08-12 00:10:19,508 - INFO - 62
2026-08-12 00:10:20,117 - INFO - (False, '[GAME NOT FOUND]')
2026-08-12 00:10:20,117 - INFO - crrrsss
2026-08-12 00:10:20,117 - INFO - 67
2026-08-12 00:10:20,520 - INFO - (False, '[GAME NOT FOUND]')
2026-08-12 00:10:20,520 - INFO - NaderaIM
2026-08-12 00:10:20,520 - INFO - 63
2026-08-12 00:10:20,613 - INFO - (False, '[GAME NOT FOUND]')
2026-08-12 00:10:20,614 - INFO - EDuardoLCampos
2026-08-12 00:10:20,614 - INFO - 65
2026-08-12 00:10:21,560 - INFO - (False, '[GAME NOT FOUND]')
2026-08-12 00:10:21,560 - INFO - Engkalbo8
2026-08-12 00:10:21,561 - INFO - 64
2026-08-12 00:10:21,740 - INFO - (False, '[GAME NOT FOUND]')
2026-08-12 00:10:21,740 - INFO - Polteagist
2026-08-12 00:10:21,740 - INFO - 69
2026-08-12 00:10:21,876 - INFO - (False, '[This user does not exist]')
2026-08-12 00:10:21,877 - INFO - jims_777
2026-08-12 00:10:21,877 - INFO - 73
2026-08-12 00:10:22,436 - INFO - (False, '[GAME NOT FOUND]')
2026-08-12 00:10:22,436 - INFO - animaci
2026-08-12 00:10:22,436 - INFO - 66
2026-08-12 00:10:22,440 - INFO - (False, '[GAME NOT FOUND]')
2026-08-12 00:10:22,440 - INFO - karuma81
2026-08-12 00:10:22,442 - INFO - 46
2026-08-12 00:10:22,476 - INFO - (False, '[GAME NOT FOUND]')
2026-08-12 00:10:22,476 - INFO - valcharm
2026-08-12 00:10:22,476 - INFO - 68
2026-08-12 00:10:22,724 - INFO - (False, '[GAME NOT FOUND]')
2026-08-12 00:10:22,725 - INFO - Doodskie30
2026-08-12 00:10:22,725 - INFO - 70
2026-08-12 00:10:24,250 - INFO - (False, '[GAME NOT FOUND]')
2026-08-12 00:10:24,250 - INFO - GoodFarmer
2026-08-12 00:10:24,250 - INFO - 42
2026-08-12 00:10:24,571 - INFO - (False, '[GAME NOT FOUND]')
2026-08-12 00:10:24,571 - INFO - Cantilado_renan
2026-08-12 00:10:24,571 - INFO - 72
2026-08-12 00:10:26,182 - INFO - (False, '[GAME NOT FOUND]')
2026-08-12 00:10:26,182 - INFO - Aide3107
2026-08-12 00:10:26,182 - INFO - 75
2026-08-12 00:10:26,761 - INFO - (False, '[GAME NOT FOUND]')
2026-08-12 00:10:26,761 - INFO - Mirzano31
2026-08-12 00:10:26,761 - INFO - 76
2026-08-12 00:10:27,559 - INFO - (False, '[GAME NOT FOUND]')
2026-08-12 00:10:27,559 - INFO - ken0124
2026-08-12 00:10:27,559 - INFO - 82
2026-08-12 00:10:27,627 - INFO - (False, '[GAME NOT FOUND]')
2026-08-12 00:10:27,627 - INFO - KenPez
2026-08-12 00:10:27,627 - INFO - 77
2026-08-12 00:10:28,001 - INFO - (False, '[GAME NOT FOUND]')
2026-08-12 00:10:28,001 - INFO - JaredndRama25
2026-08-12 00:10:28,001 - INFO - 81
2026-08-12 00:10:28,720 - INFO - (False, '[GAME NOT FOUND]')
2026-08-12 00:10:28,720 - INFO - BaiTats
2026-08-12 00:10:28,720 - INFO - 74
2026-08-12 00:10:28,901 - INFO - (False, '[GAME NOT FOUND]')
2026-08-12 00:10:28,904 - INFO - IM-NAVA-22
2026-08-12 00:10:28,904 - INFO - 78
2026-08-12 00:10:29,855 - INFO - (False, '[GAME NOT FOUND]')
2026-08-12 00:10:29,855 - INFO - cadeogrito235
2026-08-12 00:10:29,855 - INFO - 80
2026-08-12 00:10:29,859 - INFO - (False, '[GAME NOT FOUND]')
2026-08-12 00:10:29,859 - INFO - Zorrow2224
2026-08-12 00:10:29,859 - INFO - 71
2026-08-12 00:10:29,887 - INFO - (False, '[GAME NOT FOUND]')
2026-08-12 00:10:29,887 - INFO - superjem123
2026-08-12 00:10:29,887 - INFO - 83
2026-08-12 00:10:29,891 - INFO - (False, '[GAME NOT FOUND]')
2026-08-12 00:10:29,891 - INFO - JD-ex
2026-08-12 00:10:29,892 - INFO - 79
2026-08-12 00:10:29,896 - INFO - (False, '[GAME NOT FOUND]')
2026-08-12 00:10:29,896 - INFO - LHS29
2026-08-12 00:10:29,896 - INFO - 85
2026-08-12 00:10:33,350 - INFO - (False, '[GAME NOT FOUND]')
2026-08-12 00:10:33,350 - INFO - christianjacob1
2026-08-12 00:10:33,351 - INFO - 86
2026-08-12 00:10:33,393 - INFO - (False, '[GAME NOT FOUND]')
2026-08-12 00:10:33,393 - INFO - Rommel-Deocariza
2026-08-12 00:10:33,393 - INFO - 87
2026-08-12 00:10:33,796 - INFO - (False, '[GAME NOT FOUND]')
2026-08-12 00:10:33,796 - INFO - Cm8142397madrigal105
2026-08-12 00:10:33,796 - INFO - 90
2026-08-12 00:10:33,868 - INFO - (False, '[GAME NOT FOUND]')
2026-08-12 00:10:33,868 - INFO - HarryBoyYyy
2026-08-12 00:10:33,868 - INFO - 88
2026-08-12 00:10:35,754 - INFO - (False, '[GAME NOT FOUND]')
2026-08-12 00:10:35,755 - INFO - dantevargas2020
2026-08-12 00:10:35,755 - INFO - 91
2026-08-12 00:10:35,987 - INFO - (False, '[GAME NOT FOUND]')
2026-08-12 00:10:35,988 - INFO - cheapa223
2026-08-12 00:10:35,988 - INFO - 97
2026-08-12 00:10:37,525 - INFO - (False, '[GAME NOT FOUND]')
2026-08-12 00:10:37,525 - INFO - 67_still_Tought
2026-08-12 00:10:37,525 - INFO - 84
2026-08-12 00:10:37,946 - INFO - (False, '[GAME NOT FOUND]')
2026-08-12 00:10:37,946 - INFO - masterblundwr
2026-08-12 00:10:37,946 - INFO - 95
2026-08-12 00:10:39,238 - INFO - (False, '[GAME NOT FOUND]')
2026-08-12 00:10:39,239 - INFO - melcorodel
2026-08-12 00:10:39,239 - INFO - 94
2026-08-12 00:10:39,546 - INFO - (False, '[GAME NOT FOUND]')
2026-08-12 00:10:39,546 - INFO - SilvaJames01
2026-08-12 00:10:39,546 - INFO - 98
2026-08-12 00:10:41,019 - INFO - (False, '[GAME NOT FOUND]')
2026-08-12 00:10:41,019 - INFO - Timepressure1999
2026-08-12 00:10:41,019 - INFO - 92
2026-08-12 00:10:42,656 - INFO - (False, '[GAME NOT FOUND]')
2026-08-12 00:10:42,656 - INFO - L-Xyro
2026-08-12 00:10:42,656 - INFO - 99
2026-08-12 00:10:42,918 - INFO - (False, '[GAME NOT FOUND]')
2026-08-12 00:10:42,918 - INFO - sherman204
2026-08-12 00:10:42,918 - INFO - 100
2026-08-12 00:10:43,094 - INFO - (False, '[GAME NOT FOUND]')
2026-08-12 00:10:43,094 - INFO - Seolsoleli
2026-08-12 00:10:43,094 - INFO - 101
2026-08-12 00:10:43,516 - INFO - (False, '[GAME NOT FOUND]')
2026-08-12 00:10:43,516 - INFO - Damian_Fabian_1961
2026-08-12 00:10:43,516 - INFO - 102
2026-08-12 00:10:44,643 - INFO - (False, '[GAME NOT FOUND]')
2026-08-12 00:10:44,644 - INFO - WilfredoOcampo
2026-08-12 00:10:44,644 - INFO - 96
2026-08-12 00:10:44,852 - INFO - (False, '[GAME NOT FOUND]')
2026-08-12 00:10:44,852 - INFO - RommelGarrido
2026-08-12 00:10:44,852 - INFO - 103
2026-08-12 00:10:45,110 - INFO - (False, '[GAME NOT FOUND]')
2026-08-12 00:10:45,110 - INFO - jelousalinday
2026-08-12 00:10:45,110 - INFO - 107
2026-08-12 00:10:45,679 - INFO - (False, '[GAME NOT FOUND]')
2026-08-12 00:10:45,679 - INFO - super-wingwing
2026-08-12 00:10:45,679 - INFO - 104
2026-08-12 00:10:45,720 - INFO - (False, '[GAME NOT FOUND]')
2026-08-12 00:10:45,721 - INFO - unli213tv
2026-08-12 00:10:45,721 - INFO - 109
2026-08-12 00:10:45,727 - INFO - (False, '[GAME NOT FOUND]')
2026-08-12 00:10:45,727 - INFO - Tugustaxx
2026-08-12 00:10:45,727 - INFO - 108
2026-08-12 00:10:46,514 - INFO - (False, '[GAME NOT FOUND]')
2026-08-12 00:10:46,514 - INFO - R0iz
2026-08-12 00:10:46,515 - INFO - 105
2026-08-12 00:10:47,299 - INFO - (False, '[GAME NOT FOUND]')
2026-08-12 00:10:47,299 - INFO - Shekaina_Sean
2026-08-12 00:10:47,299 - INFO - 110
2026-08-12 00:10:47,349 - INFO - (False, '[GAME NOT FOUND]')
2026-08-12 00:10:47,349 - INFO - ErinDublado
2026-08-12 00:10:47,349 - INFO - 106
2026-08-12 00:10:47,635 - INFO - (False, '[GAME NOT FOUND]')
2026-08-12 00:10:47,635 - INFO - practice_mode_2026
2026-08-12 00:10:47,635 - INFO - 115
2026-08-12 00:10:47,642 - INFO - (False, '[GAME NOT FOUND]')
2026-08-12 00:10:47,642 - INFO - NOELLUBS
2026-08-12 00:10:47,642 - INFO - 113
2026-08-12 00:10:48,674 - INFO - (False, '[GAME NOT FOUND]')
2026-08-12 00:10:48,674 - INFO - verjaci
2026-08-12 00:10:48,674 - INFO - 116
2026-08-12 00:10:50,901 - INFO - (False, '[GAME NOT FOUND]')
2026-08-12 00:10:50,901 - INFO - T0B3RMOR3Y
2026-08-12 00:10:50,902 - INFO - 120
2026-08-12 00:10:52,455 - INFO - (False, '[GAME NOT FOUND]')
2026-08-12 00:10:52,455 - INFO - jerrydoriquez
2026-08-12 00:10:52,455 - INFO - 117
2026-08-12 00:10:53,154 - INFO - (False, '[GAME NOT FOUND]')
2026-08-12 00:10:53,154 - INFO - ColdPusher
2026-08-12 00:10:53,154 - INFO - 119
2026-08-12 00:10:54,948 - INFO - (False, '[GAME NOT FOUND]')
2026-08-12 00:10:54,948 - INFO - Nhordin
2026-08-12 00:10:54,948 - INFO - 89
2026-08-12 00:10:56,428 - INFO - (False, '[GAME NOT FOUND]')
2026-08-12 00:10:56,428 - INFO - Dwyneelyr
2026-08-12 00:10:56,428 - INFO - 111
2026-08-12 00:10:56,633 - INFO - (False, '[GAME NOT FOUND]')
2026-08-12 00:10:56,633 - INFO - Bad_Apple00
2026-08-12 00:10:56,633 - INFO - 122
2026-08-12 00:10:57,394 - INFO - (False, '[GAME NOT FOUND]')
2026-08-12 00:10:57,394 - INFO - fernandoestales12345
2026-08-12 00:10:57,394 - INFO - 125
2026-08-12 00:10:58,055 - INFO - (False, '[GAME NOT FOUND]')
2026-08-12 00:10:58,055 - INFO - phplayer
2026-08-12 00:10:58,055 - INFO - 124
2026-08-12 00:10:58,543 - INFO - (False, '[GAME NOT FOUND]')
2026-08-12 00:10:58,543 - INFO - limz05
2026-08-12 00:10:58,543 - INFO - 123
2026-08-12 00:10:59,826 - INFO - (False, '[GAME NOT FOUND]')
2026-08-12 00:10:59,826 - INFO - AngelNheazyNicolePo
2026-08-12 00:10:59,826 - INFO - 121
2026-08-12 00:11:00,420 - INFO - (False, '[GAME NOT FOUND]')
2026-08-12 00:11:00,421 - INFO - Elzamboh
2026-08-12 00:11:00,421 - INFO - 112
2026-08-12 00:11:03,259 - INFO - (False, '[GAME NOT FOUND]')
2026-08-12 00:11:03,259 - INFO - thamzak
2026-08-12 00:11:03,259 - INFO - 129
2026-08-12 00:11:03,973 - INFO - (False, '[GAME NOT FOUND]')
2026-08-12 00:11:03,983 - INFO - rubenalegre6
2026-08-12 00:11:03,983 - INFO - 118
2026-08-12 00:11:04,049 - INFO - (False, '[GAME NOT FOUND]')
2026-08-12 00:11:04,049 - INFO - APhiO94
2026-08-12 00:11:04,049 - INFO - 130
2026-08-12 00:11:05,358 - INFO - (False, '[GAME NOT FOUND]')
2026-08-12 00:11:05,358 - INFO - blocksalje
2026-08-12 00:11:05,359 - INFO - 131
2026-08-12 00:11:05,612 - INFO - (False, '[GAME NOT FOUND]')
2026-08-12 00:11:05,612 - INFO - King_Natthhh
2026-08-12 00:11:05,612 - INFO - 114
2026-08-12 00:11:05,612 - INFO - (False, '[GAME NOT FOUND]')
2026-08-12 00:11:05,612 - INFO - zutragg
2026-08-12 00:11:05,612 - INFO - 126
2026-08-12 00:11:05,757 - INFO - (False, '[GAME NOT FOUND]')
2026-08-12 00:11:05,757 - INFO - TristanReyesSss
2026-08-12 00:11:05,757 - INFO - 132
2026-08-12 00:11:05,759 - INFO - (False, '[GAME NOT FOUND]')
2026-08-12 00:11:05,759 - INFO - Hoople1115
2026-08-12 00:11:05,759 - INFO - 127
2026-08-12 00:11:06,272 - INFO - (False, '[GAME NOT FOUND]')
2026-08-12 00:11:06,273 - INFO - gm_butanding
2026-08-12 00:11:06,273 - INFO - 128
2026-08-12 00:11:07,951 - INFO - (False, '[GAME NOT FOUND]')
2026-08-12 00:11:07,952 - INFO - DennyPoly
2026-08-12 00:11:07,952 - INFO - 135
2026-08-12 00:11:09,986 - INFO - (False, '[GAME NOT FOUND]')
2026-08-12 00:11:09,986 - INFO - marcoslagbas
2026-08-12 00:11:09,986 - INFO - 134
2026-08-12 00:11:10,035 - INFO - (False, '[GAME NOT FOUND]')
2026-08-12 00:11:10,035 - INFO - Shikiouji
2026-08-12 00:11:10,035 - INFO - 136
2026-08-12 00:11:10,163 - INFO - (False, '[GAME NOT FOUND]')
2026-08-12 00:11:10,163 - INFO - Nhelian
2026-08-12 00:11:10,163 - INFO - 138
2026-08-12 00:11:12,828 - INFO - (False, '[GAME NOT FOUND]')
2026-08-12 00:11:12,828 - INFO - nicholocalix
2026-08-12 00:11:12,828 - INFO - 142
2026-08-12 00:11:15,183 - INFO - (False, '[GAME NOT FOUND]')
2026-08-12 00:11:15,184 - INFO - abac123
2026-08-12 00:11:15,184 - INFO - 144
2026-08-12 00:11:16,566 - INFO - (False, '[GAME NOT FOUND]')
2026-08-12 00:11:16,566 - INFO - maklotus
2026-08-12 00:11:16,566 - INFO - 139
2026-08-12 00:11:18,327 - INFO - (False, '[This user does not exist]')
2026-08-12 00:11:18,327 - INFO - Victortzyy
2026-08-12 00:11:18,327 - INFO - 147
2026-08-12 00:11:18,796 - INFO - (False, '[GAME NOT FOUND]')
2026-08-12 00:11:18,796 - INFO - PrettyDonna
2026-08-12 00:11:18,796 - INFO - 146
2026-08-12 00:11:19,503 - INFO - (False, '[GAME NOT FOUND]')
2026-08-12 00:11:19,503 - INFO - Shou-tuc-ker
2026-08-12 00:11:19,503 - INFO - 145
2026-08-12 00:11:20,238 - INFO - (False, '[GAME NOT FOUND]')
2026-08-12 00:11:20,238 - INFO - Marioibabao06
2026-08-12 00:11:20,238 - INFO - 140
2026-08-12 00:11:21,275 - INFO - (False, '[GAME NOT FOUND]')
2026-08-12 00:11:21,275 - INFO - mgcutp
2026-08-12 00:11:21,275 - INFO - 137
2026-08-12 00:11:21,414 - INFO - (False, '[GAME NOT FOUND]')
2026-08-12 00:11:21,414 - INFO - dakutyan
2026-08-12 00:11:21,414 - INFO - 133
2026-08-12 00:11:21,493 - INFO - (False, '[GAME NOT FOUND]')
2026-08-12 00:11:21,493 - INFO - Lazardous_2
2026-08-12 00:11:21,493 - INFO - 141
2026-08-12 00:11:23,160 - INFO - (False, '[GAME NOT FOUND]')
2026-08-12 00:11:23,160 - INFO - wawang2x
2026-08-12 00:11:23,160 - INFO - 93
2026-08-12 00:11:23,263 - INFO - (False, '[GAME NOT FOUND]')
2026-08-12 00:11:23,263 - INFO - solstice_21
2026-08-12 00:11:23,263 - INFO - 150
2026-08-12 00:11:23,576 - INFO - (False, '[GAME NOT FOUND]')
2026-08-12 00:11:23,576 - INFO - Nin_Aurelia05
2026-08-12 00:11:23,576 - INFO - 148
2026-08-12 00:11:24,207 - INFO - (False, '[This user does not exist]')
2026-08-12 00:11:24,207 - INFO - EnAjD_iNaSjAi_N_uZrPcO
2026-08-12 00:11:24,207 - INFO - 152
2026-08-12 00:11:24,753 - INFO - (False, '[GAME NOT FOUND]')
2026-08-12 00:11:24,753 - INFO - Francly
2026-08-12 00:11:24,754 - INFO - 151
2026-08-12 00:11:25,494 - INFO - (False, '[GAME NOT FOUND]')
2026-08-12 00:11:25,494 - INFO - FilipinoWizard
2026-08-12 00:11:25,494 - INFO - 153
2026-08-12 00:11:26,046 - INFO - (False, '[GAME NOT FOUND]')
2026-08-12 00:11:26,046 - INFO - kylerom_sygaco
2026-08-12 00:11:26,046 - INFO - 157
2026-08-12 00:11:26,810 - INFO - (False, '[GAME NOT FOUND]')
2026-08-12 00:11:26,810 - INFO - unhappykiddo
2026-08-12 00:11:26,810 - INFO - 154
2026-08-12 00:11:27,413 - INFO - (False, '[GAME NOT FOUND]')
2026-08-12 00:11:27,413 - INFO - Datuking88
2026-08-12 00:11:27,413 - INFO - 156
2026-08-12 00:11:27,613 - INFO - (False, '[GAME NOT FOUND]')
2026-08-12 00:11:27,613 - INFO - Dnl58728
2026-08-12 00:11:27,613 - INFO - 158
2026-08-12 00:11:29,284 - INFO - (False, '[GAME NOT FOUND]')
2026-08-12 00:11:29,284 - INFO - joseleoc
2026-08-12 00:11:29,284 - INFO - 149
2026-08-12 00:11:29,296 - INFO - (False, '[GAME NOT FOUND]')
2026-08-12 00:11:29,296 - INFO - zyvvz
2026-08-12 00:11:29,296 - INFO - 162
2026-08-12 00:11:29,552 - INFO - (False, '[GAME NOT FOUND]')
2026-08-12 00:11:29,553 - INFO - RKMorales
2026-08-12 00:11:29,553 - INFO - 159
2026-08-12 00:11:30,009 - INFO - (False, '[GAME NOT FOUND]')
2026-08-12 00:11:30,009 - INFO - angelonimo
2026-08-12 00:11:30,009 - INFO - 163
2026-08-12 00:11:30,137 - INFO - (False, '[GAME NOT FOUND]')
2026-08-12 00:11:30,137 - INFO - SEODJO23
2026-08-12 00:11:30,137 - INFO - 161
2026-08-12 00:11:30,231 - INFO - (False, '[GAME NOT FOUND]')
2026-08-12 00:11:30,231 - INFO - EQUI-PARCO
2026-08-12 00:11:30,231 - INFO - 164
2026-08-12 00:11:30,553 - INFO - (False, '[GAME NOT FOUND]')
2026-08-12 00:11:30,553 - INFO - Re0512
2026-08-12 00:11:30,553 - INFO - 155
2026-08-12 00:11:31,511 - INFO - (False, '[GAME NOT FOUND]')
2026-08-12 00:11:31,511 - INFO - AllenCedrict
2026-08-12 00:11:31,511 - INFO - 143
2026-08-12 00:11:31,511 - INFO - (False, '[GAME NOT FOUND]')
2026-08-12 00:11:31,511 - INFO - junjorge
2026-08-12 00:11:31,511 - INFO - 160
2026-08-12 00:11:31,624 - INFO - (False, '[GAME NOT FOUND]')
2026-08-12 00:11:31,624 - INFO - Kylleweak
2026-08-12 00:11:31,624 - INFO - 165
2026-08-12 00:11:32,186 - INFO - (False, '[GAME NOT FOUND]')
2026-08-12 00:11:32,186 - INFO - vicoi_08
2026-08-12 00:11:32,187 - INFO - 172
2026-08-12 00:11:32,333 - INFO - (False, '[GAME NOT FOUND]')
2026-08-12 00:11:32,334 - INFO - RONZ2009
2026-08-12 00:11:32,334 - INFO - 167
2026-08-12 00:11:32,337 - INFO - (False, '[GAME NOT FOUND]')
2026-08-12 00:11:32,337 - INFO - Recegerald
2026-08-12 00:11:32,337 - INFO - 169
2026-08-12 00:11:32,889 - INFO - (False, '[GAME NOT FOUND]')
2026-08-12 00:11:32,889 - INFO - reynan_21
2026-08-12 00:11:32,889 - INFO - 168
2026-08-12 00:11:33,784 - INFO - (False, '[GAME NOT FOUND]')
2026-08-12 00:11:33,784 - INFO - hakasawarez
2026-08-12 00:11:33,784 - INFO - 175
2026-08-12 00:11:33,817 - INFO - (False, '[GAME NOT FOUND]')
2026-08-12 00:11:33,817 - INFO - Square_Root_Master
2026-08-12 00:11:33,817 - INFO - 173
2026-08-12 00:11:34,720 - INFO - (False, '[GAME NOT FOUND]')
2026-08-12 00:11:34,720 - INFO - PawnSacrifice2026
2026-08-12 00:11:34,720 - INFO - 166
2026-08-12 00:11:34,822 - INFO - (False, '[GAME NOT FOUND]')
2026-08-12 00:11:34,823 - INFO - Jmf24
2026-08-12 00:11:34,823 - INFO - 171
2026-08-12 00:11:35,410 - INFO - (False, '[GAME NOT FOUND]')
2026-08-12 00:11:35,410 - INFO - imnewverynew
2026-08-12 00:11:35,410 - INFO - 179
2026-08-12 00:11:35,412 - INFO - (False, '[GAME NOT FOUND]')
2026-08-12 00:11:35,412 - INFO - reneluisromero123
2026-08-12 00:11:35,413 - INFO - 170
2026-08-12 00:11:35,420 - INFO - (False, '[GAME NOT FOUND]')
2026-08-12 00:11:35,420 - INFO - fuutarou_kun
2026-08-12 00:11:35,420 - INFO - 174
2026-08-12 00:11:35,769 - INFO - (False, '[GAME NOT FOUND]')
2026-08-12 00:11:35,769 - INFO - Pobstogo
2026-08-12 00:11:35,769 - INFO - 177
2026-08-12 00:11:35,974 - INFO - (False, '[GAME NOT FOUND]')
2026-08-12 00:11:35,974 - INFO - Jomali_Mates
2026-08-12 00:11:35,974 - INFO - 180
2026-08-12 00:11:36,615 - INFO - (False, '[GAME NOT FOUND]')
2026-08-12 00:11:36,615 - INFO - SirAngeloMalinginCTUTabs
2026-08-12 00:11:36,616 - INFO - 181
2026-08-12 00:11:36,885 - INFO - (False, '[GAME NOT FOUND]')
2026-08-12 00:11:36,885 - INFO - rutherdelinabarredo
2026-08-12 00:11:36,885 - INFO - 176
2026-08-12 00:11:37,224 - INFO - (False, '[GAME NOT FOUND]')
2026-08-12 00:11:37,225 - INFO - tehanongorasna
2026-08-12 00:11:37,225 - INFO - 178
2026-08-12 00:11:37,245 - INFO - (False, '[GAME NOT FOUND]')
2026-08-12 00:11:37,245 - INFO - AGM_Nezil_Merilles
2026-08-12 00:11:37,245 - INFO - 186
2026-08-12 00:11:37,588 - INFO - (False, '[GAME NOT FOUND]')
2026-08-12 00:11:37,588 - INFO - Arnel_ortiz
2026-08-12 00:11:37,588 - INFO - 185
2026-08-12 00:11:38,040 - INFO - (False, '[GAME NOT FOUND]')
2026-08-12 00:11:38,040 - INFO - AdowbongManacc1234
2026-08-12 00:11:38,040 - INFO - 187
2026-08-12 00:11:38,087 - INFO - (False, '[GAME NOT FOUND]')
2026-08-12 00:11:38,087 - INFO - TUNGTUNGSAHURRRRR
2026-08-12 00:11:38,087 - INFO - 188
2026-08-12 00:11:38,486 - INFO - (False, '[GAME NOT FOUND]')
2026-08-12 00:11:38,486 - INFO - maydumpling
2026-08-12 00:11:38,486 - INFO - 189
2026-08-12 00:11:38,801 - INFO - (False, '[GAME NOT FOUND]')
2026-08-12 00:11:38,801 - INFO - Sdomael
2026-08-12 00:11:38,801 - INFO - 182
2026-08-12 00:11:38,838 - INFO - (False, '[GAME NOT FOUND]')
2026-08-12 00:11:38,838 - INFO - abalojacqpatch
2026-08-12 00:11:38,838 - INFO - 191
2026-08-12 00:11:39,289 - INFO - (False, '[GAME NOT FOUND]')
2026-08-12 00:11:39,289 - INFO - Kordapyu
2026-08-12 00:11:39,289 - INFO - 190
2026-08-12 00:11:39,765 - INFO - (False, '[GAME NOT FOUND]')
2026-08-12 00:11:39,765 - INFO - SKiWaLkeR
2026-08-12 00:11:39,765 - INFO - 192
2026-08-12 00:11:40,686 - INFO - (False, '[GAME NOT FOUND]')
2026-08-12 00:11:40,686 - INFO - RoqmanRoque
2026-08-12 00:11:40,686 - INFO - 193
2026-08-12 00:11:40,885 - INFO - (False, '[GAME NOT FOUND]')
2026-08-12 00:11:40,885 - INFO - RapidGrowthImprovement
2026-08-12 00:11:40,888 - INFO - 183
2026-08-12 00:11:40,991 - INFO - (False, '[GAME NOT FOUND]')
2026-08-12 00:11:40,991 - INFO - goalnationalchamp
2026-08-12 00:11:40,991 - INFO - 195
2026-08-12 00:11:41,332 - INFO - (False, '[GAME NOT FOUND]')
2026-08-12 00:11:41,332 - INFO - Bryskyyy
2026-08-12 00:11:41,332 - INFO - 198
2026-08-12 00:11:42,001 - INFO - (False, '[GAME NOT FOUND]')
2026-08-12 00:11:42,001 - INFO - capricorn040178
2026-08-12 00:11:42,001 - INFO - 199
2026-08-12 00:11:42,077 - INFO - (False, '[GAME NOT FOUND]')
2026-08-12 00:11:42,077 - INFO - BlueTopic
2026-08-12 00:11:42,077 - INFO - 200
2026-08-12 00:11:42,717 - INFO - (False, '[GAME NOT FOUND]')
2026-08-12 00:11:42,717 - INFO - alfred27
2026-08-12 00:11:42,717 - INFO - 197
2026-08-12 00:11:42,724 - INFO - (False, '[GAME NOT FOUND]')
2026-08-12 00:11:42,724 - INFO - KingRendy
2026-08-12 00:11:42,724 - INFO - 196
2026-08-12 00:11:42,785 - INFO - (False, '[GAME NOT FOUND]')
2026-08-12 00:11:42,785 - INFO - thomasmonterola
2026-08-12 00:11:42,785 - INFO - 203
2026-08-12 00:11:43,748 - INFO - (False, '[GAME NOT FOUND]')
2026-08-12 00:11:43,748 - INFO - dangaranjoenneil
2026-08-12 00:11:43,749 - INFO - 202
2026-08-12 00:11:44,120 - INFO - (False, '[GAME NOT FOUND]')
2026-08-12 00:11:44,120 - INFO - AmateurLan
2026-08-12 00:11:44,120 - INFO - 205
2026-08-12 00:11:44,336 - INFO - (False, '[GAME NOT FOUND]')
2026-08-12 00:11:44,336 - INFO - JusayfelixJR
2026-08-12 00:11:44,336 - INFO - 204
2026-08-12 00:11:44,337 - INFO - (False, '[GAME NOT FOUND]')
2026-08-12 00:11:44,337 - INFO - GM_DarwinLaylo
2026-08-12 00:11:44,337 - INFO - 206
2026-08-12 00:11:44,578 - INFO - (False, '[GAME NOT FOUND]')
2026-08-12 00:11:44,578 - INFO - TheGhostSamurai
2026-08-12 00:11:44,578 - INFO - 209
2026-08-12 00:11:44,760 - INFO - (False, '[GAME NOT FOUND]')
2026-08-12 00:11:44,760 - INFO - ohbabyilovecheckmate
2026-08-12 00:11:44,760 - INFO - 208
2026-08-12 00:11:45,376 - INFO - (False, '[GAME NOT FOUND]')
2026-08-12 00:11:45,376 - INFO - daudau08
2026-08-12 00:11:45,376 - INFO - 207
2026-08-12 00:11:45,593 - INFO - (False, '[GAME NOT FOUND]')
2026-08-12 00:11:45,593 - INFO - Hezirss
2026-08-12 00:11:45,593 - INFO - 210
2026-08-12 00:11:46,014 - INFO - (False, '[GAME NOT FOUND]')
2026-08-12 00:11:46,014 - INFO - twinprincess
2026-08-12 00:11:46,014 - INFO - 201
2026-08-12 00:11:46,409 - INFO - (False, '[GAME NOT FOUND]')
2026-08-12 00:11:46,409 - INFO - dantejo22
2026-08-12 00:11:46,409 - INFO - 194
2026-08-12 00:11:46,410 - INFO - (False, '[GAME NOT FOUND]')
2026-08-12 00:11:46,412 - INFO - L3itot
2026-08-12 00:11:46,412 - INFO - 214
2026-08-12 00:11:46,414 - INFO - (False, '[GAME NOT FOUND]')
2026-08-12 00:11:46,414 - INFO - Sungs_30
2026-08-12 00:11:46,414 - INFO - 213
2026-08-12 00:11:46,414 - INFO - (False, '[GAME NOT FOUND]')
2026-08-12 00:11:46,414 - INFO - sai_amp
2026-08-12 00:11:46,414 - INFO - 211
2026-08-12 00:11:46,974 - INFO - (False, '[GAME NOT FOUND]')
2026-08-12 00:11:46,975 - INFO - Charlie11272009
2026-08-12 00:11:46,975 - INFO - 215
2026-08-12 00:11:47,217 - INFO - (False, '[GAME NOT FOUND]')
2026-08-12 00:11:47,217 - INFO - Zham23
2026-08-12 00:11:47,217 - INFO - 216
2026-08-12 00:11:47,868 - INFO - (False, '[GAME NOT FOUND]')
2026-08-12 00:11:47,868 - INFO - robothand78
2026-08-12 00:11:47,868 - INFO - 220
2026-08-12 00:11:48,109 - INFO - (False, '[GAME NOT FOUND]')
2026-08-12 00:11:48,109 - INFO - Mhilter_Edombingo
2026-08-12 00:11:48,110 - INFO - 218
2026-08-12 00:11:48,270 - INFO - (False, '[GAME NOT FOUND]')
2026-08-12 00:11:48,270 - INFO - u010222
2026-08-12 00:11:48,270 - INFO - 222
2026-08-12 00:11:48,663 - INFO - (False, '[GAME NOT FOUND]')
2026-08-12 00:11:48,663 - INFO - D0mM_m
2026-08-12 00:11:48,663 - INFO - 212
2026-08-12 00:11:48,692 - INFO - (False, '[GAME NOT FOUND]')
2026-08-12 00:11:48,692 - INFO - The_destruction2240
2026-08-12 00:11:48,692 - INFO - 217
2026-08-12 00:11:49,269 - INFO - (False, '[GAME NOT FOUND]')
2026-08-12 00:11:49,271 - INFO - JmaAel
2026-08-12 00:11:49,271 - INFO - 219
2026-08-12 00:11:49,397 - INFO - (False, '[GAME NOT FOUND]')
2026-08-12 00:11:49,397 - INFO - RatingSlayer2007
2026-08-12 00:11:49,397 - INFO - 224
2026-08-12 00:11:50,516 - INFO - (False, '[GAME NOT FOUND]')
2026-08-12 00:11:50,516 - INFO - Dioscoro_Tano
2026-08-12 00:11:50,516 - INFO - 225
2026-08-12 00:11:51,591 - INFO - (False, '[GAME NOT FOUND]')
2026-08-12 00:11:51,591 - INFO - Greggg_28
2026-08-12 00:11:51,591 - INFO - 230
2026-08-12 00:11:51,901 - INFO - (False, '[GAME NOT FOUND]')
2026-08-12 00:11:51,901 - INFO - DrDreykenstein
2026-08-12 00:11:51,901 - INFO - 221
2026-08-12 00:11:51,973 - INFO - (False, '[GAME NOT FOUND]')
2026-08-12 00:11:51,973 - INFO - LEONEL_ESCOTE
2026-08-12 00:11:51,973 - INFO - 223
2026-08-12 00:11:52,914 - INFO - (False, '[GAME NOT FOUND]')
2026-08-12 00:11:52,914 - INFO - AIM_Julz
2026-08-12 00:11:52,914 - INFO - 227
2026-08-12 00:11:53,456 - INFO - (False, '[GAME NOT FOUND]')
2026-08-12 00:11:53,456 - INFO - LennoxSamson2
2026-08-12 00:11:53,456 - INFO - 228
2026-08-12 00:11:53,462 - INFO - (False, '[GAME NOT FOUND]')
2026-08-12 00:11:53,462 - INFO - lelouch2021
2026-08-12 00:11:53,462 - INFO - 234
2026-08-12 00:11:53,771 - INFO - (False, '[GAME NOT FOUND]')
2026-08-12 00:11:53,771 - INFO - blackwhitegreenboard
2026-08-12 00:11:53,771 - INFO - 233
2026-08-12 00:11:54,555 - INFO - (False, '[GAME NOT FOUND]')
2026-08-12 00:11:54,555 - INFO - terynova
2026-08-12 00:11:54,555 - INFO - 229
2026-08-12 00:11:54,860 - INFO - (False, '[GAME NOT FOUND]')
2026-08-12 00:11:54,860 - INFO - vimboy
2026-08-12 00:11:54,860 - INFO - 235
2026-08-12 00:11:58,594 - INFO - (False, '[GAME NOT FOUND]')
2026-08-12 00:11:58,594 - INFO - Nagato-Y
2026-08-12 00:11:58,595 - INFO - 238
2026-08-12 00:11:58,737 - INFO - (False, '[GAME NOT FOUND]')
2026-08-12 00:11:58,737 - INFO - M1kha_Lim
2026-08-12 00:11:58,737 - INFO - 239
2026-08-12 00:11:59,436 - INFO - (False, '[GAME NOT FOUND]')
2026-08-12 00:11:59,436 - INFO - kevchess2014
2026-08-12 00:11:59,436 - INFO - 232
2026-08-12 00:12:01,814 - INFO - (False, '[This user does not exist]')
2026-08-12 00:12:01,814 - INFO - kamukamotiteko
2026-08-12 00:12:01,814 - INFO - 244
2026-08-12 00:12:03,790 - INFO - (False, '[GAME NOT FOUND]')
2026-08-12 00:12:03,790 - INFO - VicenteTanoy
2026-08-12 00:12:03,790 - INFO - 241
2026-08-12 00:12:04,921 - INFO - (False, '[GAME NOT FOUND]')
2026-08-12 00:12:04,922 - INFO - EldinEroma
2026-08-12 00:12:04,922 - INFO - 184
2026-08-12 00:12:05,666 - INFO - (False, '[GAME NOT FOUND]')
2026-08-12 00:12:05,666 - INFO - Hachichan
2026-08-12 00:12:05,668 - INFO - 237
2026-08-12 00:12:05,672 - INFO - (False, '[GAME NOT FOUND]')
2026-08-12 00:12:05,672 - INFO - Taiji_Chess22
2026-08-12 00:12:05,672 - INFO - 231
2026-08-12 00:12:05,675 - INFO - (False, '[GAME NOT FOUND]')
2026-08-12 00:12:05,675 - INFO - KJLAU0603
2026-08-12 00:12:05,675 - INFO - 242
2026-08-12 00:12:05,707 - INFO - (False, '[GAME NOT FOUND]')
2026-08-12 00:12:05,707 - INFO - CagnusMarlsen19938
2026-08-12 00:12:05,707 - INFO - 243
2026-08-12 00:12:07,435 - INFO - (False, '[GAME NOT FOUND]')
2026-08-12 00:12:07,435 - INFO - Xirshi
2026-08-12 00:12:07,435 - INFO - 240
2026-08-12 00:12:07,457 - INFO - (False, '[GAME NOT FOUND]')
2026-08-12 00:12:07,457 - INFO - Plastina2003
2026-08-12 00:12:07,457 - INFO - 236
2026-08-12 00:12:08,222 - INFO - (False, '[GAME NOT FOUND]')
2026-08-12 00:12:08,222 - INFO - Almanzorbarzana
2026-08-12 00:12:08,222 - INFO - 246
2026-08-12 00:12:11,215 - INFO - (False, '[GAME NOT FOUND]')
2026-08-12 00:12:11,215 - INFO - Ota_2022
2026-08-12 00:12:11,215 - INFO - 252
2026-08-12 00:12:12,100 - INFO - (False, '[GAME NOT FOUND]')
2026-08-12 00:12:12,100 - INFO - fall_yeah05
2026-08-12 00:12:12,101 - INFO - 248
2026-08-12 00:12:13,776 - INFO - (False, '[GAME NOT FOUND]')
2026-08-12 00:12:13,776 - INFO - BaelFromHell
2026-08-12 00:12:13,776 - INFO - 249
2026-08-12 00:12:14,995 - INFO - (False, '[GAME NOT FOUND]')
2026-08-12 00:12:14,995 - INFO - SBBascon12
2026-08-12 00:12:14,995 - INFO - 250
2026-08-12 00:12:16,683 - INFO - (False, '[GAME NOT FOUND]')
2026-08-12 00:12:16,683 - INFO - QWERTTSA
2026-08-12 00:12:16,683 - INFO - 254
2026-08-12 00:12:17,287 - INFO - (False, '[GAME NOT FOUND]')
2026-08-12 00:12:17,287 - INFO - SirlinoMendiogarin
2026-08-12 00:12:17,287 - INFO - 245
2026-08-12 00:12:17,576 - INFO - (False, '[GAME NOT FOUND]')
2026-08-12 00:12:17,576 - INFO - Migster28
2026-08-12 00:12:17,576 - INFO - 247
2026-08-12 00:12:17,885 - INFO - (False, '[GAME NOT FOUND]')
2026-08-12 00:12:17,886 - INFO - Chess900Elo
2026-08-12 00:12:17,886 - INFO - 255
2026-08-12 00:12:19,412 - INFO - (False, '[GAME NOT FOUND]')
2026-08-12 00:12:19,412 - INFO - quizden37
2026-08-12 00:12:19,412 - INFO - 257
2026-08-12 00:12:19,720 - INFO - (False, '[GAME NOT FOUND]')
2026-08-12 00:12:19,720 - INFO - 16redh
2026-08-12 00:12:19,720 - INFO - 259
2026-08-12 00:12:20,093 - INFO - (False, '[GAME NOT FOUND]')
2026-08-12 00:12:20,093 - INFO - Eugene_Medina
2026-08-12 00:12:20,093 - INFO - 256
2026-08-12 00:12:20,445 - INFO - (False, '[GAME NOT FOUND]')
2026-08-12 00:12:20,445 - INFO - TantanReyessssssssssss
2026-08-12 00:12:20,445 - INFO - 253
2026-08-12 00:12:23,631 - INFO - (False, '[GAME NOT FOUND]')
2026-08-12 00:12:23,631 - INFO - ThePerfectAlienn
2026-08-12 00:12:23,631 - INFO - 251
2026-08-12 00:12:23,668 - INFO - (False, '[GAME NOT FOUND]')
2026-08-12 00:12:23,669 - INFO - FBLandicho11_ASHS
2026-08-12 00:12:23,669 - INFO - 261
2026-08-12 00:12:24,418 - INFO - (False, '[GAME NOT FOUND]')
2026-08-12 00:12:24,418 - INFO - Archangel-Gabriell
2026-08-12 00:12:24,419 - INFO - 226
2026-08-12 00:12:24,441 - INFO - (False, '[GAME NOT FOUND]')
2026-08-12 00:12:24,442 - INFO - wyett
2026-08-12 00:12:24,442 - INFO - 260
2026-08-12 00:12:24,565 - INFO - (False, '[GAME NOT FOUND]')
2026-08-12 00:12:24,565 - INFO - miekel27
2026-08-12 00:12:24,565 - INFO - 264
2026-08-12 00:12:25,519 - INFO - (False, '[GAME NOT FOUND]')
2026-08-12 00:12:25,519 - INFO - maribabao
2026-08-12 00:12:25,519 - INFO - 263
2026-08-12 00:12:25,667 - INFO - (False, '[GAME NOT FOUND]')
2026-08-12 00:12:25,667 - INFO - Frank-Morcella
2026-08-12 00:12:25,667 - INFO - 265
2026-08-12 00:12:26,793 - INFO - (False, '[GAME NOT FOUND]')
2026-08-12 00:12:26,793 - INFO - TanJerin14
2026-08-12 00:12:26,793 - INFO - 266
2026-08-12 00:12:27,174 - INFO - (False, '[GAME NOT FOUND]')
2026-08-12 00:12:27,174 - INFO - hadogken0000
2026-08-12 00:12:27,174 - INFO - 267
2026-08-12 00:12:27,522 - INFO - (False, '[GAME NOT FOUND]')
2026-08-12 00:12:27,522 - INFO - Airsupplier
2026-08-12 00:12:27,522 - INFO - 258
2026-08-12 00:12:27,608 - INFO - (False, '[GAME NOT FOUND]')
2026-08-12 00:12:27,608 - INFO - emelourd
2026-08-12 00:12:27,608 - INFO - 268
2026-08-12 00:12:28,738 - INFO - (False, '[GAME NOT FOUND]')
2026-08-12 00:12:28,738 - INFO - NMashrell
2026-08-12 00:12:28,738 - INFO - 273
2026-08-12 00:12:29,376 - INFO - (False, '[GAME NOT FOUND]')
2026-08-12 00:12:29,376 - INFO - Rodillobenito
2026-08-12 00:12:29,376 - INFO - 262
2026-08-12 00:12:29,953 - INFO - (False, '[This user does not exist]')
2026-08-12 00:12:29,953 - INFO - GhostlyZeal4820
2026-08-12 00:12:29,953 - INFO - 269
2026-08-12 00:12:30,742 - INFO - (False, '[GAME NOT FOUND]')
2026-08-12 00:12:30,742 - INFO - Ranzzzyy
2026-08-12 00:12:30,742 - INFO - 274
2026-08-12 00:12:30,915 - INFO - (False, '[GAME NOT FOUND]')
2026-08-12 00:12:30,915 - INFO - nonoy_2012
2026-08-12 00:12:30,915 - INFO - 278
2026-08-12 00:12:31,658 - INFO - (False, '[GAME NOT FOUND]')
2026-08-12 00:12:31,658 - INFO - rod31356
2026-08-12 00:12:31,658 - INFO - 272
2026-08-12 00:12:31,663 - INFO - (False, '[GAME NOT FOUND]')
2026-08-12 00:12:31,663 - INFO - bong556
2026-08-12 00:12:31,663 - INFO - 275
2026-08-12 00:12:31,892 - INFO - (False, '[GAME NOT FOUND]')
2026-08-12 00:12:31,892 - INFO - JeffreyRomera
2026-08-12 00:12:31,892 - INFO - 276
2026-08-12 00:12:31,897 - INFO - (False, '[GAME NOT FOUND]')
2026-08-12 00:12:31,897 - INFO - JamesGulaman
2026-08-12 00:12:31,897 - INFO - 270
2026-08-12 00:12:33,632 - INFO - (False, '[GAME NOT FOUND]')
2026-08-12 00:12:33,632 - INFO - gian14357
2026-08-12 00:12:33,632 - INFO - 284
2026-08-12 00:12:33,635 - INFO - (False, '[GAME NOT FOUND]')
2026-08-12 00:12:33,635 - INFO - hisuka88
2026-08-12 00:12:33,636 - INFO - 271
2026-08-12 00:12:33,672 - INFO - (False, '[GAME NOT FOUND]')
2026-08-12 00:12:33,672 - INFO - Khizakhiee
2026-08-12 00:12:33,673 - INFO - 280
2026-08-12 00:12:33,676 - INFO - (False, '[GAME NOT FOUND]')
2026-08-12 00:12:33,676 - INFO - AustinJacobLiteratus_PCAP
2026-08-12 00:12:33,676 - INFO - 285
2026-08-12 00:12:34,086 - INFO - (False, '[GAME NOT FOUND]')
2026-08-12 00:12:34,086 - INFO - RodjRH
2026-08-12 00:12:34,086 - INFO - 286
2026-08-12 00:12:34,940 - INFO - (False, '[GAME NOT FOUND]')
2026-08-12 00:12:34,940 - INFO - cutenessmoves
2026-08-12 00:12:34,940 - INFO - 279
2026-08-12 00:12:34,990 - INFO - (False, '[GAME NOT FOUND]')
2026-08-12 00:12:34,990 - INFO - chickengirl55
2026-08-12 00:12:34,990 - INFO - 287
2026-08-12 00:12:35,418 - INFO - (False, '[GAME NOT FOUND]')
2026-08-12 00:12:35,418 - INFO - Kingpakz07
2026-08-12 00:12:35,419 - INFO - 283
2026-08-12 00:12:35,616 - INFO - (False, '[GAME NOT FOUND]')
2026-08-12 00:12:35,616 - INFO - ReIgnacio
2026-08-12 00:12:35,617 - INFO - 281
2026-08-12 00:12:35,690 - INFO - (False, '[GAME NOT FOUND]')
2026-08-12 00:12:35,690 - INFO - CylerzYvan
2026-08-12 00:12:35,693 - INFO - 288
2026-08-12 00:12:35,917 - INFO - (False, '[GAME NOT FOUND]')
2026-08-12 00:12:35,918 - INFO - anand096
2026-08-12 00:12:35,918 - INFO - 282
2026-08-12 00:12:35,949 - INFO - (False, '[GAME NOT FOUND]')
2026-08-12 00:12:35,949 - INFO - KENMAURICE
2026-08-12 00:12:35,949 - INFO - 291
2026-08-12 00:12:36,554 - INFO - (False, '[GAME NOT FOUND]')
2026-08-12 00:12:36,554 - INFO - FrogratPrince
2026-08-12 00:12:36,554 - INFO - 289
2026-08-12 00:12:36,782 - INFO - (False, '[GAME NOT FOUND]')
2026-08-12 00:12:36,782 - INFO - jacutinamarcus
2026-08-12 00:12:36,782 - INFO - 292
2026-08-12 00:12:36,895 - INFO - (False, '[GAME NOT FOUND]')
2026-08-12 00:12:36,896 - INFO - michael_catalan
2026-08-12 00:12:36,896 - INFO - 294
2026-08-12 00:12:37,185 - INFO - (False, '[GAME NOT FOUND]')
2026-08-12 00:12:37,185 - INFO - kaijanchess
2026-08-12 00:12:37,185 - INFO - 295
2026-08-12 00:12:37,618 - INFO - (False, '[GAME NOT FOUND]')
2026-08-12 00:12:37,618 - INFO - Axistence1
2026-08-12 00:12:37,618 - INFO - 290
2026-08-12 00:12:38,012 - INFO - (False, '[GAME NOT FOUND]')
2026-08-12 00:12:38,013 - INFO - Gio_tapel01
2026-08-12 00:12:38,013 - INFO - 298
2026-08-12 00:12:38,289 - INFO - (False, '[GAME NOT FOUND]')
2026-08-12 00:12:38,289 - INFO - AnixTo2k
2026-08-12 00:12:38,289 - INFO - 296
2026-08-12 00:12:38,550 - INFO - (False, '[GAME NOT FOUND]')
2026-08-12 00:12:38,550 - INFO - ForsakenWann
2026-08-12 00:12:38,550 - INFO - 300
2026-08-12 00:12:38,714 - INFO - (False, '[GAME NOT FOUND]')
2026-08-12 00:12:38,714 - INFO - GM_NinoEstores
2026-08-12 00:12:38,714 - INFO - 297
2026-08-12 00:12:38,837 - INFO - (False, '[GAME NOT FOUND]')
2026-08-12 00:12:38,837 - INFO - Knesvlog
2026-08-12 00:12:38,837 - INFO - 301
2026-08-12 00:12:39,658 - INFO - (False, '[GAME NOT FOUND]')
2026-08-12 00:12:39,658 - INFO - Renbaz19
2026-08-12 00:12:39,658 - INFO - 302
2026-08-12 00:12:39,791 - INFO - (False, '[GAME NOT FOUND]')
2026-08-12 00:12:39,791 - INFO - saidonaire_1986
2026-08-12 00:12:39,791 - INFO - 303
2026-08-12 00:12:39,921 - INFO - (False, '[GAME NOT FOUND]')
2026-08-12 00:12:39,921 - INFO - OSNOLA05
2026-08-12 00:12:39,921 - INFO - 304
2026-08-12 00:12:41,103 - INFO - (False, '[GAME NOT FOUND]')
2026-08-12 00:12:41,103 - INFO - Rr-ar
2026-08-12 00:12:41,103 - INFO - 305
2026-08-12 00:12:41,910 - INFO - (False, '[GAME NOT FOUND]')
2026-08-12 00:12:41,910 - INFO - RyuGabby
2026-08-12 00:12:41,910 - INFO - 299
2026-08-12 00:12:41,911 - INFO - (False, '[GAME NOT FOUND]')
2026-08-12 00:12:41,911 - INFO - CutestPlayerAlive
2026-08-12 00:12:41,912 - INFO - 306
2026-08-12 00:12:42,023 - INFO - (False, '[GAME NOT FOUND]')
2026-08-12 00:12:42,023 - INFO - NextMovePh
2026-08-12 00:12:42,023 - INFO - 293
2026-08-12 00:12:42,029 - INFO - (False, '[GAME NOT FOUND]')
2026-08-12 00:12:42,032 - INFO - ditotayo
2026-08-12 00:12:42,032 - INFO - 309
2026-08-12 00:12:42,207 - INFO - (False, '[GAME NOT FOUND]')
2026-08-12 00:12:42,207 - INFO - Skabaditulit
2026-08-12 00:12:42,207 - INFO - 308
2026-08-12 00:12:42,577 - INFO - (False, '[GAME NOT FOUND]')
2026-08-12 00:12:42,577 - INFO - JhonEirrol
2026-08-12 00:12:42,577 - INFO - 310
2026-08-12 00:12:42,610 - INFO - (False, '[GAME NOT FOUND]')
2026-08-12 00:12:42,610 - INFO - kirssy11
2026-08-12 00:12:42,610 - INFO - 307
2026-08-12 00:12:43,303 - INFO - (False, '[GAME NOT FOUND]')
2026-08-12 00:12:43,304 - INFO - kingersal
2026-08-12 00:12:43,304 - INFO - 316
2026-08-12 00:12:43,529 - INFO - (False, '[GAME NOT FOUND]')
2026-08-12 00:12:43,529 - INFO - alexissaballe
2026-08-12 00:12:43,530 - INFO - 313
2026-08-12 00:12:43,807 - INFO - (False, '[GAME NOT FOUND]')
2026-08-12 00:12:43,807 - INFO - Francis-Dave
2026-08-12 00:12:43,807 - INFO - 314
2026-08-12 00:12:44,132 - INFO - (False, '[GAME NOT FOUND]')
2026-08-12 00:12:44,132 - INFO - SeandwichGambit
2026-08-12 00:12:44,132 - INFO - 315
2026-08-12 00:12:44,199 - INFO - (False, '[GAME NOT FOUND]')
2026-08-12 00:12:44,199 - INFO - PalapagNS
2026-08-12 00:12:44,199 - INFO - 317
2026-08-12 00:12:44,344 - INFO - (False, '[GAME NOT FOUND]')
2026-08-12 00:12:44,344 - INFO - Game_Analysis_2026
2026-08-12 00:12:44,344 - INFO - 319
2026-08-12 00:12:45,154 - INFO - (False, '[GAME NOT FOUND]')
2026-08-12 00:12:45,154 - INFO - LolongFigueroa
2026-08-12 00:12:45,155 - INFO - 277
2026-08-12 00:12:45,221 - INFO - (False, '[GAME NOT FOUND]')
2026-08-12 00:12:45,221 - INFO - 1cjed
2026-08-12 00:12:45,221 - INFO - 321
2026-08-12 00:12:45,472 - INFO - (False, '[GAME NOT FOUND]')
2026-08-12 00:12:45,472 - INFO - ChillChessWelder
2026-08-12 00:12:45,472 - INFO - 311
2026-08-12 00:12:45,698 - INFO - (False, '[GAME NOT FOUND]')
2026-08-12 00:12:45,698 - INFO - minso10
2026-08-12 00:12:45,698 - INFO - 322
2026-08-12 00:12:46,553 - INFO - (False, '[GAME NOT FOUND]')
2026-08-12 00:12:46,553 - INFO - tonzkie0813
2026-08-12 00:12:46,554 - INFO - 320
2026-08-12 00:12:46,554 - INFO - (False, '[GAME NOT FOUND]')
2026-08-12 00:12:46,555 - INFO - XiaoGan_Wei
2026-08-12 00:12:46,555 - INFO - 312
2026-08-12 00:12:46,685 - INFO - (False, '[GAME NOT FOUND]')
2026-08-12 00:12:46,686 - INFO - genuinelymj
2026-08-12 00:12:46,686 - INFO - 326
2026-08-12 00:12:46,786 - INFO - (False, '[GAME NOT FOUND]')
2026-08-12 00:12:46,786 - INFO - Judas2008
2026-08-12 00:12:46,786 - INFO - 323
2026-08-12 00:12:47,161 - INFO - (False, '[GAME NOT FOUND]')
2026-08-12 00:12:47,162 - INFO - The_Chilling_Al
2026-08-12 00:12:47,162 - INFO - 324
2026-08-12 00:12:47,713 - INFO - (False, '[GAME NOT FOUND]')
2026-08-12 00:12:47,713 - INFO - Shahana1224
2026-08-12 00:12:47,713 - INFO - 327
2026-08-12 00:12:48,169 - INFO - (False, '[GAME NOT FOUND]')
2026-08-12 00:12:48,169 - INFO - Marching-mark
2026-08-12 00:12:48,169 - INFO - 328
2026-08-12 00:12:48,207 - INFO - (False, '[GAME NOT FOUND]')
2026-08-12 00:12:48,207 - INFO - malikmata
2026-08-12 00:12:48,207 - INFO - 330
2026-08-12 00:12:48,656 - INFO - (False, '[GAME NOT FOUND]')
2026-08-12 00:12:48,656 - INFO - RiverKnight07
2026-08-12 00:12:48,656 - INFO - 332
2026-08-12 00:12:48,656 - INFO - (False, '[GAME NOT FOUND]')
2026-08-12 00:12:48,656 - INFO - WONDERFULTONIGHT2025
2026-08-12 00:12:48,656 - INFO - 329
2026-08-12 00:12:48,826 - INFO - (False, '[GAME NOT FOUND]')
2026-08-12 00:12:48,826 - INFO - Unlicheck
2026-08-12 00:12:48,826 - INFO - 331
2026-08-12 00:12:49,201 - INFO - (False, '[GAME NOT FOUND]')
2026-08-12 00:12:49,201 - INFO - JohnPaul35366645
2026-08-12 00:12:49,201 - INFO - 325
2026-08-12 00:12:49,359 - INFO - (False, '[GAME NOT FOUND]')
2026-08-12 00:12:49,359 - INFO - juliusablin
2026-08-12 00:12:49,359 - INFO - 335
2026-08-12 00:12:49,967 - INFO - (False, '[GAME NOT FOUND]')
2026-08-12 00:12:49,967 - INFO - Robert1612345
2026-08-12 00:12:49,967 - INFO - 333
2026-08-12 00:12:49,976 - INFO - (False, '[GAME NOT FOUND]')
2026-08-12 00:12:49,976 - INFO - trizhx
2026-08-12 00:12:49,977 - INFO - 337
2026-08-12 00:12:50,036 - INFO - (False, '[GAME NOT FOUND]')
2026-08-12 00:12:50,036 - INFO - focuspawn
2026-08-12 00:12:50,036 - INFO - 339
2026-08-12 00:12:50,191 - INFO - (False, '[GAME NOT FOUND]')
2026-08-12 00:12:50,191 - INFO - invalidrnv
2026-08-12 00:12:50,191 - INFO - 338
2026-08-12 00:12:50,196 - INFO - (False, '[GAME NOT FOUND]')
2026-08-12 00:12:50,196 - INFO - candidatemasterpunk
2026-08-12 00:12:50,196 - INFO - 340
2026-08-12 00:12:51,231 - INFO - (False, '[GAME NOT FOUND]')
2026-08-12 00:12:51,231 - INFO - gelawilfredo
2026-08-12 00:12:51,231 - INFO - 342
2026-08-12 00:12:51,661 - INFO - (False, '[GAME NOT FOUND]')
2026-08-12 00:12:51,661 - INFO - Force_resign2025
2026-08-12 00:12:51,661 - INFO - 334
2026-08-12 00:12:51,692 - INFO - (False, '[GAME NOT FOUND]')
2026-08-12 00:12:51,692 - INFO - jandawig
2026-08-12 00:12:51,692 - INFO - 344
2026-08-12 00:12:52,781 - INFO - (False, '[GAME NOT FOUND]')
2026-08-12 00:12:52,781 - INFO - xuan0519
2026-08-12 00:12:52,781 - INFO - 318
2026-08-12 00:12:53,251 - INFO - (False, '[GAME NOT FOUND]')
2026-08-12 00:12:53,251 - INFO - TJTabernilla_Imus_12
2026-08-12 00:12:53,251 - INFO - 346
2026-08-12 00:12:53,283 - INFO - (False, '[GAME NOT FOUND]')
2026-08-12 00:12:53,283 - INFO - theprinceofbogegong
2026-08-12 00:12:53,283 - INFO - 336
2026-08-12 00:12:53,338 - INFO - (False, '[GAME NOT FOUND]')
2026-08-12 00:12:53,338 - INFO - rvngsxn
2026-08-12 00:12:53,338 - INFO - 350
2026-08-12 00:12:53,355 - INFO - (False, '[GAME NOT FOUND]')
2026-08-12 00:12:53,355 - INFO - Xavier_Vincent
2026-08-12 00:12:53,355 - INFO - 343
2026-08-12 00:12:53,507 - INFO - (False, '[GAME NOT FOUND]')
2026-08-12 00:12:53,507 - INFO - PeterPiper235
2026-08-12 00:12:53,507 - INFO - 345
2026-08-12 00:12:53,510 - INFO - (False, '[GAME NOT FOUND]')
2026-08-12 00:12:53,510 - INFO - Loverboy33
2026-08-12 00:12:53,510 - INFO - 349
2026-08-12 00:12:54,170 - INFO - (False, '[GAME NOT FOUND]')
2026-08-12 00:12:54,170 - INFO - yxonia
2026-08-12 00:12:54,170 - INFO - 348
2026-08-12 00:12:54,476 - INFO - (False, '[GAME NOT FOUND]')
2026-08-12 00:12:54,476 - INFO - CHESSISREL
2026-08-12 00:12:54,476 - INFO - 347
2026-08-12 00:12:54,761 - INFO - (False, '[GAME NOT FOUND]')
2026-08-12 00:12:54,761 - INFO - chessking06ph
2026-08-12 00:12:54,761 - INFO - 352
2026-08-12 00:12:54,772 - INFO - (False, '[GAME NOT FOUND]')
2026-08-12 00:12:54,773 - INFO - richardpelaez
2026-08-12 00:12:54,773 - INFO - 355
2026-08-12 00:12:54,825 - INFO - (False, '[GAME NOT FOUND]')
2026-08-12 00:12:54,825 - INFO - baltzky
2026-08-12 00:12:54,825 - INFO - 357
2026-08-12 00:12:55,198 - INFO - (False, '[GAME NOT FOUND]')
2026-08-12 00:12:55,198 - INFO - ChristianAceAlcira
2026-08-12 00:12:55,198 - INFO - 353
2026-08-12 00:12:55,339 - INFO - (False, '[GAME NOT FOUND]')
2026-08-12 00:12:55,339 - INFO - Mr-Ogen
2026-08-12 00:12:55,339 - INFO - 354
2026-08-12 00:12:55,551 - INFO - (False, '[GAME NOT FOUND]')
2026-08-12 00:12:55,551 - INFO - MrVictor90
2026-08-12 00:12:55,552 - INFO - 351
2026-08-12 00:12:56,337 - INFO - (False, '[GAME NOT FOUND]')
2026-08-12 00:12:56,337 - INFO - aaron0228
2026-08-12 00:12:56,337 - INFO - 362
2026-08-12 00:12:56,491 - INFO - (False, '[GAME NOT FOUND]')
2026-08-12 00:12:56,491 - INFO - AGMLiamOmana
2026-08-12 00:12:56,492 - INFO - 358
2026-08-12 00:12:56,514 - INFO - (False, '[GAME NOT FOUND]')
2026-08-12 00:12:56,514 - INFO - dhodoy69
2026-08-12 00:12:56,514 - INFO - 359
2026-08-12 00:12:57,244 - INFO - (False, '[GAME NOT FOUND]')
2026-08-12 00:12:57,244 - INFO - WhyNotH4chi
2026-08-12 00:12:57,244 - INFO - 361
2026-08-12 00:12:57,643 - INFO - (False, '[GAME NOT FOUND]')
2026-08-12 00:12:57,643 - INFO - Chezzmel
2026-08-12 00:12:57,643 - INFO - 363
2026-08-12 00:12:58,047 - INFO - (False, '[GAME NOT FOUND]')
2026-08-12 00:12:58,047 - INFO - vedeboy
2026-08-12 00:12:58,047 - INFO - 367
2026-08-12 00:12:58,302 - INFO - (False, '[GAME NOT FOUND]')
2026-08-12 00:12:58,302 - INFO - Ser123401
2026-08-12 00:12:58,302 - INFO - 368
2026-08-12 00:12:58,784 - INFO - (False, '[GAME NOT FOUND]')
2026-08-12 00:12:58,786 - INFO - GM-CJ-Eubenson
2026-08-12 00:12:58,786 - INFO - 364
2026-08-12 00:12:58,852 - INFO - (False, '[GAME NOT FOUND]')
2026-08-12 00:12:58,852 - INFO - maki-adriano
2026-08-12 00:12:58,852 - INFO - 341
2026-08-12 00:12:58,915 - INFO - (False, '[GAME NOT FOUND]')
2026-08-12 00:12:58,915 - INFO - Alamat_ng_tahong
2026-08-12 00:12:58,915 - INFO - 365
2026-08-12 00:12:59,015 - INFO - (False, '[GAME NOT FOUND]')
2026-08-12 00:12:59,015 - INFO - angelineadona
2026-08-12 00:12:59,015 - INFO - 369
2026-08-12 00:12:59,683 - INFO - (False, '[GAME NOT FOUND]')
2026-08-12 00:12:59,683 - INFO - X_LATOG
2026-08-12 00:12:59,684 - INFO - 360
2026-08-12 00:12:59,763 - INFO - (False, '[GAME NOT FOUND]')
2026-08-12 00:12:59,763 - INFO - I_miss_zee_from_Siocon
2026-08-12 00:12:59,763 - INFO - 371
2026-08-12 00:12:59,765 - INFO - (False, '[GAME NOT FOUND]')
2026-08-12 00:12:59,766 - INFO - Cedric0429
2026-08-12 00:12:59,766 - INFO - 370
2026-08-12 00:12:59,766 - INFO - (False, '[GAME NOT FOUND]')
2026-08-12 00:12:59,766 - INFO - Genghis_Imperial
2026-08-12 00:12:59,766 - INFO - 356
2026-08-12 00:13:00,120 - INFO - (False, '[GAME NOT FOUND]')
2026-08-12 00:13:00,121 - INFO - andyboy214j
2026-08-12 00:13:00,121 - INFO - 372
2026-08-12 00:13:00,688 - INFO - (False, '[GAME NOT FOUND]')
2026-08-12 00:13:00,688 - INFO - J4yce66
2026-08-12 00:13:00,688 - INFO - 375
2026-08-12 00:13:01,233 - INFO - (False, '[GAME NOT FOUND]')
2026-08-12 00:13:01,233 - INFO - Kilabot71
2026-08-12 00:13:01,233 - INFO - 373
2026-08-12 00:13:01,327 - INFO - (False, '[GAME NOT FOUND]')
2026-08-12 00:13:01,327 - INFO - meguil06
2026-08-12 00:13:01,327 - INFO - 380
2026-08-12 00:13:01,327 - INFO - (False, '[GAME NOT FOUND]')
2026-08-12 00:13:01,327 - INFO - dhen1217
2026-08-12 00:13:01,327 - INFO - 378
2026-08-12 00:13:01,580 - INFO - (False, '[GAME NOT FOUND]')
2026-08-12 00:13:01,580 - INFO - Psalms3124
2026-08-12 00:13:01,580 - INFO - 376
2026-08-12 00:13:01,916 - INFO - (False, '[GAME NOT FOUND]')
2026-08-12 00:13:01,916 - INFO - abdullmalik2021
2026-08-12 00:13:01,916 - INFO - 366
2026-08-12 00:13:02,251 - INFO - (False, '[GAME NOT FOUND]')
2026-08-12 00:13:02,251 - INFO - Gedion30
2026-08-12 00:13:02,251 - INFO - 379
2026-08-12 00:13:02,584 - INFO - (False, '[GAME NOT FOUND]')
2026-08-12 00:13:02,584 - INFO - GM_Raven2
2026-08-12 00:13:02,584 - INFO - 377
2026-08-12 00:13:02,906 - INFO - (False, '[GAME NOT FOUND]')
2026-08-12 00:13:02,906 - INFO - yapov74
2026-08-12 00:13:02,906 - INFO - 381
2026-08-12 00:13:02,907 - INFO - (False, '[GAME NOT FOUND]')
2026-08-12 00:13:02,907 - INFO - gmMaTadoR
2026-08-12 00:13:02,907 - INFO - 382
2026-08-12 00:13:02,953 - INFO - (False, '[GAME NOT FOUND]')
2026-08-12 00:13:02,954 - INFO - kim100280
2026-08-12 00:13:02,954 - INFO - 384
2026-08-12 00:13:04,010 - INFO - (False, '[GAME NOT FOUND]')
2026-08-12 00:13:04,010 - INFO - kboyscafe
2026-08-12 00:13:04,010 - INFO - 383
2026-08-12 00:13:04,396 - INFO - (False, '[GAME NOT FOUND]')
2026-08-12 00:13:04,396 - INFO - Baguhan_33
2026-08-12 00:13:04,396 - INFO - 385
2026-08-12 00:13:05,399 - INFO - (False, '[GAME NOT FOUND]')
2026-08-12 00:13:05,399 - INFO - 152425rj
2026-08-12 00:13:05,400 - INFO - 387
2026-08-12 00:13:05,414 - INFO - (False, '[GAME NOT FOUND]')
2026-08-12 00:13:05,415 - INFO - babyking1205
2026-08-12 00:13:05,415 - INFO - 386
2026-08-12 00:13:05,426 - INFO - (False, '[GAME NOT FOUND]')
2026-08-12 00:13:05,426 - INFO - MarkLester2025
2026-08-12 00:13:05,426 - INFO - 390
2026-08-12 00:13:06,180 - INFO - (False, '[GAME NOT FOUND]')
2026-08-12 00:13:06,180 - INFO - GabChessTraining
2026-08-12 00:13:06,180 - INFO - 393
2026-08-12 00:13:06,338 - INFO - (False, '[GAME NOT FOUND]')
2026-08-12 00:13:06,338 - INFO - pcappractice
2026-08-12 00:13:06,338 - INFO - 394
2026-08-12 00:13:07,302 - INFO - (False, '[GAME NOT FOUND]')
2026-08-12 00:13:07,302 - INFO - DEHAD0
2026-08-12 00:13:07,302 - INFO - 389
2026-08-12 00:13:07,540 - INFO - (False, '[GAME NOT FOUND]')
2026-08-12 00:13:07,540 - INFO - Little5254
2026-08-12 00:13:07,540 - INFO - 388
2026-08-12 00:13:07,548 - INFO - (False, '[GAME NOT FOUND]')
2026-08-12 00:13:07,548 - INFO - Cowboyhunter36
2026-08-12 00:13:07,548 - INFO - 396
2026-08-12 00:13:08,150 - INFO - (False, '[GAME NOT FOUND]')
2026-08-12 00:13:08,162 - INFO - Angelo0318
2026-08-12 00:13:08,162 - INFO - 392
2026-08-12 00:13:08,166 - INFO - (False, '[GAME NOT FOUND]')
2026-08-12 00:13:08,166 - INFO - jhunambas030
2026-08-12 00:13:08,167 - INFO - 399
2026-08-12 00:13:08,173 - INFO - (False, '[GAME NOT FOUND]')
2026-08-12 00:13:08,174 - INFO - Frankgonsaing
2026-08-12 00:13:08,174 - INFO - 397
2026-08-12 00:13:08,182 - INFO - (False, '[GAME NOT FOUND]')
2026-08-12 00:13:08,182 - INFO - TatakEasters
2026-08-12 00:13:08,182 - INFO - 395
2026-08-12 00:13:09,137 - INFO - (False, '[GAME NOT FOUND]')
2026-08-12 00:13:09,137 - INFO - Tripolgar_war
2026-08-12 00:13:09,137 - INFO - 374
2026-08-12 00:13:09,284 - INFO - (False, '[GAME NOT FOUND]')
2026-08-12 00:13:09,284 - INFO - edwinb24
2026-08-12 00:13:09,284 - INFO - 400
2026-08-12 00:13:09,484 - INFO - (False, '[GAME NOT FOUND]')
2026-08-12 00:13:09,484 - INFO - ENGR_Chrrisstian
2026-08-12 00:13:09,484 - INFO - 391
2026-08-12 00:13:09,561 - INFO - (False, '[GAME NOT FOUND]')
2026-08-12 00:13:09,561 - INFO - chessmasterbot1983
2026-08-12 00:13:09,561 - INFO - 398
2026-08-12 00:13:09,561 - INFO - (False, '[GAME NOT FOUND]')
2026-08-12 00:13:09,561 - INFO - chessleopard1969
2026-08-12 00:13:09,561 - INFO - 403
2026-08-12 00:13:09,806 - INFO - (False, '[GAME NOT FOUND]')
2026-08-12 00:13:09,806 - INFO - lv1_duck
2026-08-12 00:13:09,806 - INFO - 404
2026-08-12 00:13:10,452 - INFO - (False, '[GAME NOT FOUND]')
2026-08-12 00:13:10,452 - INFO - jaypee72
2026-08-12 00:13:10,453 - INFO - 402
2026-08-12 00:13:10,739 - INFO - (False, '[GAME NOT FOUND]')
2026-08-12 00:13:10,739 - INFO - putaytay
2026-08-12 00:13:10,739 - INFO - 408
2026-08-12 00:13:10,745 - INFO - (False, '[GAME NOT FOUND]')
2026-08-12 00:13:10,745 - INFO - REYNACUA1962
2026-08-12 00:13:10,745 - INFO - 405
2026-08-12 00:13:10,746 - INFO - (False, '[GAME NOT FOUND]')
2026-08-12 00:13:10,746 - INFO - Ynnam657
2026-08-12 00:13:10,746 - INFO - 406
2026-08-12 00:13:11,030 - INFO - (False, '[GAME NOT FOUND]')
2026-08-12 00:13:11,030 - INFO - rikimaru101
2026-08-12 00:13:11,030 - INFO - 401
2026-08-12 00:13:11,478 - INFO - (False, '[GAME NOT FOUND]')
2026-08-12 00:13:11,478 - INFO - jacquesambas08
2026-08-12 00:13:11,478 - INFO - 410
2026-08-12 00:13:11,526 - INFO - (False, '[GAME NOT FOUND]')
2026-08-12 00:13:11,526 - INFO - SilverfoxGonzales
2026-08-12 00:13:11,526 - INFO - 407
2026-08-12 00:13:11,929 - INFO - (False, '[GAME NOT FOUND]')
2026-08-12 00:13:11,929 - INFO - Count_Elci
2026-08-12 00:13:11,930 - INFO - 411
2026-08-12 00:13:12,308 - INFO - (False, '[GAME NOT FOUND]')
2026-08-12 00:13:12,308 - INFO - AcePlay22
2026-08-12 00:13:12,308 - INFO - 412
2026-08-12 00:13:12,568 - INFO - (False, '[GAME NOT FOUND]')
2026-08-12 00:13:12,568 - INFO - elorta_david
2026-08-12 00:13:12,568 - INFO - 415
2026-08-12 00:13:13,247 - INFO - (False, '[GAME NOT FOUND]')
2026-08-12 00:13:13,247 - INFO - verchua
2026-08-12 00:13:13,247 - INFO - 413
2026-08-12 00:13:13,257 - INFO - (False, '[GAME NOT FOUND]')
2026-08-12 00:13:13,258 - INFO - ThinkTankBoom
2026-08-12 00:13:13,260 - INFO - 409
2026-08-12 00:13:13,355 - INFO - (False, '[GAME NOT FOUND]')
2026-08-12 00:13:13,355 - INFO - JCriste
2026-08-12 00:13:13,355 - INFO - 417
2026-08-12 00:13:13,598 - INFO - (False, '[GAME NOT FOUND]')
2026-08-12 00:13:13,598 - INFO - ISAT_U_CEA_CHESS
2026-08-12 00:13:13,598 - INFO - 416
2026-08-12 00:13:13,750 - INFO - (False, '[GAME NOT FOUND]')
2026-08-12 00:13:13,750 - INFO - dale_bernardo
2026-08-12 00:13:13,750 - INFO - 420
2026-08-12 00:13:13,965 - INFO - (False, '[GAME NOT FOUND]')
2026-08-12 00:13:13,966 - INFO - boalota
2026-08-12 00:13:13,966 - INFO - 419
2026-08-12 00:13:14,021 - INFO - (False, '[GAME NOT FOUND]')
2026-08-12 00:13:14,021 - INFO - Chixwarlord2017
2026-08-12 00:13:14,021 - INFO - 418
2026-08-12 00:13:14,022 - INFO - (False, '[GAME NOT FOUND]')
2026-08-12 00:13:14,022 - INFO - error_zoneed
2026-08-12 00:13:14,022 - INFO - 421
2026-08-12 00:13:14,562 - INFO - (False, '[GAME NOT FOUND]')
2026-08-12 00:13:14,562 - INFO - KarlStephen2026
2026-08-12 00:13:14,562 - INFO - 414
2026-08-12 00:13:15,336 - INFO - (False, '[GAME NOT FOUND]')
2026-08-12 00:13:15,336 - INFO - ipogwapo123
2026-08-12 00:13:15,336 - INFO - 427
2026-08-12 00:13:16,021 - INFO - (False, '[GAME NOT FOUND]')
2026-08-12 00:13:16,022 - INFO - MarcKevinLabog
2026-08-12 00:13:16,022 - INFO - 424
2026-08-12 00:13:16,027 - INFO - (False, '[GAME NOT FOUND]')
2026-08-12 00:13:16,027 - INFO - isaiahdaniel
2026-08-12 00:13:16,027 - INFO - 428
2026-08-12 00:13:16,678 - INFO - (False, '[GAME NOT FOUND]')
2026-08-12 00:13:16,678 - INFO - eskisskaz
2026-08-12 00:13:16,678 - INFO - 425
2026-08-12 00:13:16,922 - INFO - (False, '[GAME NOT FOUND]')
2026-08-12 00:13:16,922 - INFO - AngPinoyBoy
2026-08-12 00:13:16,922 - INFO - 423
2026-08-12 00:13:17,032 - INFO - (False, '[GAME NOT FOUND]')
2026-08-12 00:13:17,032 - INFO - Marco0627
2026-08-12 00:13:17,033 - INFO - 422
2026-08-12 00:13:17,123 - INFO - (False, '[GAME NOT FOUND]')
2026-08-12 00:13:17,123 - INFO - haringmakoii
2026-08-12 00:13:17,123 - INFO - 431
2026-08-12 00:13:17,532 - INFO - (False, '[GAME NOT FOUND]')
2026-08-12 00:13:17,532 - INFO - Hornadajoel
2026-08-12 00:13:17,532 - INFO - 426
2026-08-12 00:13:17,616 - INFO - (False, '[GAME NOT FOUND]')
2026-08-12 00:13:17,616 - INFO - Teppsss
2026-08-12 00:13:17,616 - INFO - 430
2026-08-12 00:13:17,809 - INFO - (False, '[GAME NOT FOUND]')
2026-08-12 00:13:17,809 - INFO - henrick0412
2026-08-12 00:13:17,809 - INFO - 429
2026-08-12 00:13:17,814 - INFO - (False, '[GAME NOT FOUND]')
2026-08-12 00:13:17,814 - INFO - Bini-Maloi
2026-08-12 00:13:17,814 - INFO - 432
2026-08-12 00:13:18,224 - INFO - (False, '[GAME NOT FOUND]')
2026-08-12 00:13:18,224 - INFO - mansawi-mamangco
2026-08-12 00:13:18,224 - INFO - 435
2026-08-12 00:13:18,696 - INFO - (False, '[GAME NOT FOUND]')
2026-08-12 00:13:18,696 - INFO - CoachWardaddy
2026-08-12 00:13:18,696 - INFO - 434
2026-08-12 00:13:18,827 - INFO - (False, '[GAME NOT FOUND]')
2026-08-12 00:13:18,827 - INFO - CANILOSEYOU
2026-08-12 00:13:18,827 - INFO - 436
2026-08-12 00:13:18,832 - INFO - (False, '[GAME NOT FOUND]')
2026-08-12 00:13:18,832 - INFO - paulzki12
2026-08-12 00:13:18,832 - INFO - 439
2026-08-12 00:13:19,658 - INFO - (False, '[GAME NOT FOUND]')
2026-08-12 00:13:19,658 - INFO - ChristianArca
2026-08-12 00:13:19,658 - INFO - 438
2026-08-12 00:13:19,663 - INFO - (False, '[GAME NOT FOUND]')
2026-08-12 00:13:19,663 - INFO - Liantmauve
2026-08-12 00:13:19,663 - INFO - 441
2026-08-12 00:13:19,785 - INFO - (False, '[GAME NOT FOUND]')
2026-08-12 00:13:19,785 - INFO - MAKSCRAPE
2026-08-12 00:13:19,785 - INFO - 433
2026-08-12 00:13:19,806 - INFO - (False, '[GAME NOT FOUND]')
2026-08-12 00:13:19,806 - INFO - waltallen11
2026-08-12 00:13:19,806 - INFO - 443
2026-08-12 00:13:20,365 - INFO - (False, '[GAME NOT FOUND]')
2026-08-12 00:13:20,365 - INFO - Albert_MatthewC
2026-08-12 00:13:20,365 - INFO - 440
2026-08-12 00:13:20,372 - INFO - (False, '[GAME NOT FOUND]')
2026-08-12 00:13:20,372 - INFO - roddrook
2026-08-12 00:13:20,372 - INFO - 444
2026-08-12 00:13:21,107 - INFO - (False, '[GAME NOT FOUND]')
2026-08-12 00:13:21,107 - INFO - Headshotka
2026-08-12 00:13:21,107 - INFO - 442
2026-08-12 00:13:21,279 - INFO - (False, '[GAME NOT FOUND]')
2026-08-12 00:13:21,279 - INFO - ranger9570
2026-08-12 00:13:21,279 - INFO - 437
2026-08-12 00:13:21,332 - INFO - (False, '[GAME NOT FOUND]')
2026-08-12 00:13:21,332 - INFO - Chai4everbws
2026-08-12 00:13:21,332 - INFO - 446
2026-08-12 00:13:21,520 - INFO - (False, '[GAME NOT FOUND]')
2026-08-12 00:13:21,520 - INFO - BandibasD
2026-08-12 00:13:21,520 - INFO - 450
2026-08-12 00:13:21,614 - INFO - (False, '[GAME NOT FOUND]')
2026-08-12 00:13:21,614 - INFO - Zacknights
2026-08-12 00:13:21,614 - INFO - 445
2026-08-12 00:13:21,689 - INFO - (False, '[GAME NOT FOUND]')
2026-08-12 00:13:21,689 - INFO - LeHorseey
2026-08-12 00:13:21,702 - INFO - 447
2026-08-12 00:13:22,415 - INFO - (False, '[GAME NOT FOUND]')
2026-08-12 00:13:22,415 - INFO - Aster_D
2026-08-12 00:13:22,415 - INFO - 452
2026-08-12 00:13:22,820 - INFO - (False, '[GAME NOT FOUND]')
2026-08-12 00:13:22,820 - INFO - rubzky
2026-08-12 00:13:22,821 - INFO - 449
2026-08-12 00:13:22,823 - INFO - (False, '[GAME NOT FOUND]')
2026-08-12 00:13:22,823 - INFO - lukeeedgar
2026-08-12 00:13:22,823 - INFO - 454
2026-08-12 00:13:23,352 - INFO - (False, '[GAME NOT FOUND]')
2026-08-12 00:13:23,352 - INFO - famousmaharot
2026-08-12 00:13:23,352 - INFO - 451
2026-08-12 00:13:23,734 - INFO - (False, '[GAME NOT FOUND]')
2026-08-12 00:13:23,734 - INFO - Tchibot
2026-08-12 00:13:23,734 - INFO - 455
2026-08-12 00:13:23,902 - INFO - (False, '[GAME NOT FOUND]')
2026-08-12 00:13:23,902 - INFO - NM_Percy
2026-08-12 00:13:23,902 - INFO - 456
2026-08-12 00:13:24,208 - INFO - (False, '[GAME NOT FOUND]')
2026-08-12 00:13:24,208 - INFO - RonMarvin
2026-08-12 00:13:24,208 - INFO - 453
2026-08-12 00:13:24,976 - INFO - (False, '[GAME NOT FOUND]')
2026-08-12 00:13:24,976 - INFO - ResignToTheLord
2026-08-12 00:13:24,976 - INFO - 448
2026-08-12 00:13:25,083 - INFO - (False, '[GAME NOT FOUND]')
2026-08-12 00:13:25,083 - INFO - Domeng446
2026-08-12 00:13:25,083 - INFO - 459
2026-08-12 00:13:25,199 - INFO - (False, '[GAME NOT FOUND]')
2026-08-12 00:13:25,199 - INFO - zodyl_joestar
2026-08-12 00:13:25,199 - INFO - 462
2026-08-12 00:13:26,100 - INFO - (False, '[GAME NOT FOUND]')
2026-08-12 00:13:26,100 - INFO - joseph76ulama
2026-08-12 00:13:26,100 - INFO - 458
2026-08-12 00:13:26,104 - INFO - (False, '[GAME NOT FOUND]')
2026-08-12 00:13:26,104 - INFO - CreamFairy
2026-08-12 00:13:26,104 - INFO - 463
2026-08-12 00:13:27,304 - INFO - (False, '[GAME NOT FOUND]')
2026-08-12 00:13:27,304 - INFO - laurie45
2026-08-12 00:13:27,304 - INFO - 464
2026-08-12 00:13:28,298 - INFO - (False, '[GAME NOT FOUND]')
2026-08-12 00:13:28,298 - INFO - RichardBitoon
2026-08-12 00:13:28,298 - INFO - 465
2026-08-12 00:13:28,745 - INFO - (False, '[GAME NOT FOUND]')
2026-08-12 00:13:28,745 - INFO - RAMCESCHAVEZTHEGREAT
2026-08-12 00:13:28,745 - INFO - 460
2026-08-12 00:13:28,753 - INFO - (False, '[GAME NOT FOUND]')
2026-08-12 00:13:28,753 - INFO - almario_fortaliza
2026-08-12 00:13:28,753 - INFO - 467
2026-08-12 00:13:28,755 - INFO - (False, '[GAME NOT FOUND]')
2026-08-12 00:13:28,755 - INFO - UEPACZ
2026-08-12 00:13:28,755 - INFO - 466
2026-08-12 00:13:29,314 - INFO - (False, '[GAME NOT FOUND]')
2026-08-12 00:13:29,314 - INFO - Dion_Advincula
2026-08-12 00:13:29,314 - INFO - 470
2026-08-12 00:13:29,621 - INFO - (False, '[GAME NOT FOUND]')
2026-08-12 00:13:29,621 - INFO - jlbelano123
2026-08-12 00:13:29,621 - INFO - 468
2026-08-12 00:13:30,666 - INFO - (False, '[GAME NOT FOUND]')
2026-08-12 00:13:30,667 - INFO - norekaj20
2026-08-12 00:13:30,667 - INFO - 457
2026-08-12 00:13:30,667 - INFO - (False, '[GAME NOT FOUND]')
2026-08-12 00:13:30,669 - INFO - BlunderWonderThunderWolf
2026-08-12 00:13:30,669 - INFO - 461
2026-08-12 00:13:30,997 - INFO - (False, '[GAME NOT FOUND]')
2026-08-12 00:13:30,999 - INFO - morey-volga
2026-08-12 00:13:30,999 - INFO - 473
2026-08-12 00:13:31,017 - INFO - (False, '[GAME NOT FOUND]')
2026-08-12 00:13:31,017 - INFO - CoachNad
2026-08-12 00:13:31,017 - INFO - 472
2026-08-12 00:13:31,019 - INFO - (False, '[GAME NOT FOUND]')
2026-08-12 00:13:31,019 - INFO - Leonora-Amor
2026-08-12 00:13:31,019 - INFO - 469
2026-08-12 00:13:31,036 - INFO - (False, '[GAME NOT FOUND]')
2026-08-12 00:13:31,036 - INFO - FueledByJunkFoods
2026-08-12 00:13:31,037 - INFO - 475
2026-08-12 00:13:31,569 - INFO - (False, '[GAME NOT FOUND]')
2026-08-12 00:13:31,569 - INFO - Dinomike213
2026-08-12 00:13:31,569 - INFO - 474
2026-08-12 00:13:31,634 - INFO - (False, '[GAME NOT FOUND]')
2026-08-12 00:13:31,634 - INFO - Romblon07
2026-08-12 00:13:31,634 - INFO - 476
2026-08-12 00:13:32,384 - INFO - (False, '[GAME NOT FOUND]')
2026-08-12 00:13:32,384 - INFO - SeasonYourFood
2026-08-12 00:13:32,384 - INFO - 477
2026-08-12 00:13:32,419 - INFO - (False, '[GAME NOT FOUND]')
2026-08-12 00:13:32,420 - INFO - testingrxvse
2026-08-12 00:13:32,420 - INFO - 480
2026-08-12 00:13:32,653 - INFO - (False, '[GAME NOT FOUND]')
2026-08-12 00:13:32,658 - INFO - xymon12345670
2026-08-12 00:13:32,658 - INFO - 478
2026-08-12 00:13:32,774 - INFO - (False, '[GAME NOT FOUND]')
2026-08-12 00:13:32,774 - INFO - Gastaag
2026-08-12 00:13:32,774 - INFO - 479
2026-08-12 00:13:33,039 - INFO - (False, '[GAME NOT FOUND]')
2026-08-12 00:13:33,039 - INFO - Hermie_19
2026-08-12 00:13:33,039 - INFO - 481
2026-08-12 00:13:33,084 - INFO - (False, '[GAME NOT FOUND]')
2026-08-12 00:13:33,084 - INFO - yorkybaron012
2026-08-12 00:13:33,084 - INFO - 482
2026-08-12 00:13:35,071 - INFO - (False, '[GAME NOT FOUND]')
2026-08-12 00:13:35,071 - INFO - AIStockfish
2026-08-12 00:13:35,071 - INFO - 471
2026-08-12 00:13:35,090 - INFO - (False, '[GAME NOT FOUND]')
2026-08-12 00:13:35,090 - INFO - izzumiruu
2026-08-12 00:13:35,090 - INFO - 490
2026-08-12 00:13:35,247 - INFO - (False, '[GAME NOT FOUND]')
2026-08-12 00:13:35,247 - INFO - hevocity
2026-08-12 00:13:35,247 - INFO - 491
2026-08-12 00:13:36,466 - INFO - (False, '[GAME NOT FOUND]')
2026-08-12 00:13:36,466 - INFO - andbeyond8
2026-08-12 00:13:36,466 - INFO - 487
2026-08-12 00:13:36,480 - INFO - (False, '[GAME NOT FOUND]')
2026-08-12 00:13:36,481 - INFO - littleconnoisseur
2026-08-12 00:13:36,481 - INFO - 484
2026-08-12 00:13:36,481 - INFO - (False, '[GAME NOT FOUND]')
2026-08-12 00:13:36,481 - INFO - AmbitMontes
2026-08-12 00:13:36,482 - INFO - 483
2026-08-12 00:13:36,485 - INFO - (False, '[GAME NOT FOUND]')
2026-08-12 00:13:36,485 - INFO - Mond95
2026-08-12 00:13:36,485 - INFO - 485
2026-08-12 00:13:36,485 - INFO - (False, '[GAME NOT FOUND]')
2026-08-12 00:13:36,486 - INFO - JohnLyod_14
2026-08-12 00:13:36,486 - INFO - 486
2026-08-12 00:13:37,077 - INFO - (False, '[GAME NOT FOUND]')
2026-08-12 00:13:37,077 - INFO - maxstranger
2026-08-12 00:13:37,078 - INFO - 492
2026-08-12 00:13:37,334 - INFO - (False, '[GAME NOT FOUND]')
2026-08-12 00:13:37,334 - INFO - Kulatlat
2026-08-12 00:13:37,334 - INFO - 494
2026-08-12 00:13:38,245 - INFO - (False, '[GAME NOT FOUND]')
2026-08-12 00:13:38,246 - INFO - yiruma19
2026-08-12 00:13:38,246 - INFO - 488
2026-08-12 00:13:39,432 - INFO - (False, '[GAME NOT FOUND]')
2026-08-12 00:13:39,432 - INFO - tuther
2026-08-12 00:13:39,432 - INFO - 489
2026-08-12 00:13:39,469 - INFO - (False, '[GAME NOT FOUND]')
2026-08-12 00:13:39,469 - INFO - Ms_Porkchop
2026-08-12 00:13:39,469 - INFO - 500
2026-08-12 00:13:39,878 - INFO - (False, '[GAME NOT FOUND]')
2026-08-12 00:13:39,878 - INFO - darkblood66
2026-08-12 00:13:39,878 - INFO - 495
2026-08-12 00:13:40,173 - INFO - (False, '[GAME NOT FOUND]')
2026-08-12 00:13:40,173 - INFO - JFS_12
2026-08-12 00:13:40,173 - INFO - 498
2026-08-12 00:13:40,658 - INFO - (False, '[GAME NOT FOUND]')
2026-08-12 00:13:40,659 - INFO - OshrieJreyes
2026-08-12 00:13:40,659 - INFO - 493
2026-08-12 00:13:40,844 - INFO - (False, '[GAME NOT FOUND]')
2026-08-12 00:13:40,844 - INFO - J6767_6767_31
2026-08-12 00:13:40,844 - INFO - 497
2026-08-12 00:13:41,578 - INFO - (False, '[GAME NOT FOUND]')
2026-08-12 00:13:41,578 - INFO - dwc_grandmaster
2026-08-12 00:13:41,578 - INFO - 496
2026-08-12 00:13:41,815 - INFO - (False, '[GAME NOT FOUND]')
2026-08-12 00:13:41,816 - INFO - EarlGamingYTchannel
2026-08-12 00:13:41,816 - INFO - 505
2026-08-12 00:13:42,013 - INFO - (False, '[GAME NOT FOUND]')
2026-08-12 00:13:42,013 - INFO - DANKEY_2007
2026-08-12 00:13:42,013 - INFO - 501
2026-08-12 00:13:42,161 - INFO - (False, '[GAME NOT FOUND]')
2026-08-12 00:13:42,162 - INFO - StickChess12345
2026-08-12 00:13:42,165 - INFO - 506
2026-08-12 00:13:42,172 - INFO - (False, '[GAME NOT FOUND]')
2026-08-12 00:13:42,172 - INFO - Rommel0431
2026-08-12 00:13:42,172 - INFO - 499
2026-08-12 00:13:42,382 - INFO - (False, '[GAME NOT FOUND]')
2026-08-12 00:13:42,382 - INFO - idk171716
2026-08-12 00:13:42,382 - INFO - 508
2026-08-12 00:13:43,079 - INFO - (False, '[GAME NOT FOUND]')
2026-08-12 00:13:43,079 - INFO - ERDE1982
2026-08-12 00:13:43,080 - INFO - 502
2026-08-12 00:13:43,187 - INFO - (False, '[GAME NOT FOUND]')
2026-08-12 00:13:43,187 - INFO - JenricCurtAquino
2026-08-12 00:13:43,187 - INFO - 503
2026-08-12 00:13:43,221 - INFO - (False, '[GAME NOT FOUND]')
2026-08-12 00:13:43,221 - INFO - ronalddiansay
2026-08-12 00:13:43,221 - INFO - 510
2026-08-12 00:13:43,496 - INFO - (False, '[GAME NOT FOUND]')
2026-08-12 00:13:43,497 - INFO - ChardTheDragonMaster
2026-08-12 00:13:43,497 - INFO - 507
2026-08-12 00:13:44,603 - INFO - (False, '[GAME NOT FOUND]')
2026-08-12 00:13:44,603 - INFO - Cutieeeeko
2026-08-12 00:13:44,603 - INFO - 509
2026-08-12 00:13:45,340 - INFO - (False, '[GAME NOT FOUND]')
2026-08-12 00:13:45,340 - INFO - jam_25
2026-08-12 00:13:45,340 - INFO - 512
2026-08-12 00:13:45,869 - INFO - (False, '[GAME NOT FOUND]')
2026-08-12 00:13:45,869 - INFO - siopaomeowmeow
2026-08-12 00:13:45,870 - INFO - 516
2026-08-12 00:13:46,034 - INFO - (False, '[GAME NOT FOUND]')
2026-08-12 00:13:46,034 - INFO - jigalipap
2026-08-12 00:13:46,034 - INFO - 513
2026-08-12 00:13:46,648 - INFO - (False, '[GAME NOT FOUND]')
2026-08-12 00:13:46,648 - INFO - Gingcabugsan
2026-08-12 00:13:46,648 - INFO - 511
2026-08-12 00:13:47,137 - INFO - (False, '[GAME NOT FOUND]')
2026-08-12 00:13:47,137 - INFO - Mharckymark2
2026-08-12 00:13:47,137 - INFO - 504
2026-08-12 00:13:47,251 - INFO - (False, '[GAME NOT FOUND]')
2026-08-12 00:13:47,251 - INFO - notlaagemo
2026-08-12 00:13:47,251 - INFO - 520
2026-08-12 00:13:47,490 - INFO - (False, '[GAME NOT FOUND]')
2026-08-12 00:13:47,490 - INFO - Rai_Buu
2026-08-12 00:13:47,490 - INFO - 519
2026-08-12 00:13:47,735 - INFO - (False, '[GAME NOT FOUND]')
2026-08-12 00:13:47,735 - INFO - Logic_Validator
2026-08-12 00:13:47,736 - INFO - 515
2026-08-12 00:13:47,736 - INFO - (False, '[GAME NOT FOUND]')
2026-08-12 00:13:47,737 - INFO - DonMharky
2026-08-12 00:13:47,737 - INFO - 514
2026-08-12 00:13:47,801 - INFO - (False, '[GAME NOT FOUND]')
2026-08-12 00:13:47,801 - INFO - harris1013
2026-08-12 00:13:47,801 - INFO - 522
2026-08-12 00:13:48,509 - INFO - (False, '[GAME NOT FOUND]')
2026-08-12 00:13:48,509 - INFO - General-Jan-C-S
2026-08-12 00:13:48,510 - INFO - 523
2026-08-12 00:13:49,305 - INFO - (False, '[GAME NOT FOUND]')
2026-08-12 00:13:49,305 - INFO - IREEE09
2026-08-12 00:13:49,310 - INFO - 518
2026-08-12 00:13:49,419 - INFO - (False, '[GAME NOT FOUND]')
2026-08-12 00:13:49,419 - INFO - Zachary-zion
2026-08-12 00:13:49,419 - INFO - 524
2026-08-12 00:13:49,557 - INFO - (False, '[GAME NOT FOUND]')
2026-08-12 00:13:49,557 - INFO - Perseus82
2026-08-12 00:13:49,557 - INFO - 526
2026-08-12 00:13:50,814 - INFO - (False, '[GAME NOT FOUND]')
2026-08-12 00:13:50,814 - INFO - danslayer18
2026-08-12 00:13:50,814 - INFO - 525
2026-08-12 00:13:50,818 - INFO - (False, '[GAME NOT FOUND]')
2026-08-12 00:13:50,820 - INFO - dennisTV
2026-08-12 00:13:50,821 - INFO - 521
2026-08-12 00:13:50,879 - INFO - (False, '[GAME NOT FOUND]')
2026-08-12 00:13:50,880 - INFO - Osheia
2026-08-12 00:13:50,880 - INFO - 517
2026-08-12 00:13:50,981 - INFO - (False, '[GAME NOT FOUND]')
2026-08-12 00:13:50,981 - INFO - shoviichi
2026-08-12 00:13:50,981 - INFO - 530
2026-08-12 00:13:51,202 - INFO - (False, '[GAME NOT FOUND]')
2026-08-12 00:13:51,202 - INFO - firefox0214
2026-08-12 00:13:51,202 - INFO - 532
2026-08-12 00:13:51,202 - INFO - (False, '[GAME NOT FOUND]')
2026-08-12 00:13:51,202 - INFO - Koda_xx
2026-08-12 00:13:51,202 - INFO - 528
2026-08-12 00:13:52,242 - INFO - (False, '[GAME NOT FOUND]')
2026-08-12 00:13:52,242 - INFO - Nayr10
2026-08-12 00:13:52,242 - INFO - 527
2026-08-12 00:13:53,524 - INFO - (False, '[GAME NOT FOUND]')
2026-08-12 00:13:53,524 - INFO - GenerationalFumbler314
2026-08-12 00:13:53,524 - INFO - 529
2026-08-12 00:13:54,087 - INFO - (False, '[GAME NOT FOUND]')
2026-08-12 00:13:54,087 - INFO - jecrush14344
2026-08-12 00:13:54,087 - INFO - 538
2026-08-12 00:13:54,111 - INFO - (False, '[GAME NOT FOUND]')
2026-08-12 00:13:54,111 - INFO - ValiantKnight_30
2026-08-12 00:13:54,111 - INFO - 537
2026-08-12 00:13:54,266 - INFO - (False, '[GAME NOT FOUND]')
2026-08-12 00:13:54,266 - INFO - Jrcabs17
2026-08-12 00:13:54,266 - INFO - 539
2026-08-12 00:13:55,697 - INFO - (False, '[GAME NOT FOUND]')
2026-08-12 00:13:55,697 - INFO - u_s_man1
2026-08-12 00:13:55,697 - INFO - 534
2026-08-12 00:13:55,703 - INFO - (False, '[GAME NOT FOUND]')
2026-08-12 00:13:55,703 - INFO - sanzu
2026-08-12 00:13:55,703 - INFO - 536
2026-08-12 00:13:55,967 - INFO - (False, '[GAME NOT FOUND]')
2026-08-12 00:13:55,967 - INFO - Urbanovan101
2026-08-12 00:13:55,967 - INFO - 540
2026-08-12 00:13:56,978 - INFO - (False, '[GAME NOT FOUND]')
2026-08-12 00:13:56,978 - INFO - BadApp_le
2026-08-12 00:13:56,978 - INFO - 542
2026-08-12 00:13:59,591 - INFO - (False, '[GAME NOT FOUND]')
2026-08-12 00:13:59,591 - INFO - Non-Clique
2026-08-12 00:13:59,591 - INFO - 548
2026-08-12 00:13:59,594 - INFO - (False, '[GAME NOT FOUND]')
2026-08-12 00:13:59,594 - INFO - GlennSikiK
2026-08-12 00:13:59,594 - INFO - 531
2026-08-12 00:13:59,599 - INFO - (False, '[GAME NOT FOUND]')
2026-08-12 00:13:59,599 - INFO - kulatador
2026-08-12 00:13:59,599 - INFO - 543
2026-08-12 00:13:59,600 - INFO - (False, '[GAME NOT FOUND]')
2026-08-12 00:13:59,600 - INFO - Gerald-Sulit
2026-08-12 00:13:59,600 - INFO - 535
2026-08-12 00:14:01,327 - INFO - (False, '[GAME NOT FOUND]')
2026-08-12 00:14:01,327 - INFO - Lowkey2khshs
2026-08-12 00:14:01,327 - INFO - 541
2026-08-12 00:14:01,333 - INFO - (False, '[GAME NOT FOUND]')
2026-08-12 00:14:01,333 - INFO - anobalita72
2026-08-12 00:14:01,333 - INFO - 547
2026-08-12 00:14:01,345 - INFO - (False, '[GAME NOT FOUND]')
2026-08-12 00:14:01,345 - INFO - AbortedKing
2026-08-12 00:14:01,345 - INFO - 544
2026-08-12 00:14:01,470 - INFO - (False, '[GAME NOT FOUND]')
2026-08-12 00:14:01,471 - INFO - GSAlegre
2026-08-12 00:14:01,471 - INFO - 533
2026-08-12 00:14:01,645 - INFO - (False, '[GAME NOT FOUND]')
2026-08-12 00:14:01,645 - INFO - pashaway
2026-08-12 00:14:01,645 - INFO - 545
2026-08-12 00:14:01,651 - INFO - (False, '[GAME NOT FOUND]')
2026-08-12 00:14:01,651 - INFO - ireignlife
2026-08-12 00:14:01,651 - INFO - 549
2026-08-12 00:14:02,128 - INFO - (False, '[GAME NOT FOUND]')
2026-08-12 00:14:02,128 - INFO - jurytacbobo
2026-08-12 00:14:02,128 - INFO - 551
2026-08-12 00:14:02,135 - INFO - (False, '[GAME NOT FOUND]')
2026-08-12 00:14:02,135 - INFO - NightWarlord
2026-08-12 00:14:02,135 - INFO - 552
2026-08-12 00:14:03,090 - INFO - (False, '[GAME NOT FOUND]')
2026-08-12 00:14:03,091 - INFO - DavidAsugJr
2026-08-12 00:14:03,093 - INFO - 550
2026-08-12 00:14:03,095 - INFO - (False, '[GAME NOT FOUND]')
2026-08-12 00:14:03,095 - INFO - Joshua-Eslaban
2026-08-12 00:14:03,095 - INFO - 546
2026-08-12 00:14:03,099 - INFO - (False, '[GAME NOT FOUND]')
2026-08-12 00:14:03,099 - INFO - Boardgamemaster_phi
2026-08-12 00:14:03,099 - INFO - 554
2026-08-12 00:14:04,008 - INFO - (False, '[GAME NOT FOUND]')
2026-08-12 00:14:04,020 - INFO - Bautistarob
2026-08-12 00:14:04,020 - INFO - 555
2026-08-12 00:14:04,058 - INFO - (False, '[GAME NOT FOUND]')
2026-08-12 00:14:04,058 - INFO - RichmondNobleza2009
2026-08-12 00:14:04,058 - INFO - 560
2026-08-12 00:16:43,195 - INFO - (True, 'https://www.chess.com/game/live/172633334396')
2026-08-12 00:16:43,195 - INFO - hevocity
2026-08-12 00:16:43,195 - INFO - 9
2026-08-12 00:16:43,196 - INFO - hevocity
2026-08-12 00:16:43,196 - INFO - https://www.chess.com/game/live/172633334396
2026-08-12 00:19:26,379 - INFO - (False, '[GAME NOT FOUND]')
2026-08-12 00:19:26,379 - INFO - net2x_denz
2026-08-12 00:19:26,379 - INFO - 5
2026-08-12 00:19:26,586 - INFO - (False, '[GAME NOT FOUND]')
2026-08-12 00:19:26,586 - INFO - haringmakoii
2026-08-12 00:19:26,586 - INFO - 6
2026-08-12 00:19:27,040 - INFO - (False, '[GAME NOT FOUND]')
2026-08-12 00:19:27,040 - INFO - PalapagNS
2026-08-12 00:19:27,040 - INFO - 7
2026-08-12 00:19:27,771 - INFO - (False, '[GAME NOT FOUND]')
2026-08-12 00:19:27,771 - INFO - DuventyN
2026-08-12 00:19:27,771 - INFO - 3
2026-08-12 00:19:28,166 - INFO - (False, '[GAME NOT FOUND]')
2026-08-12 00:19:28,166 - INFO - tigasin91
2026-08-12 00:19:28,166 - INFO - 4
2026-08-12 00:19:29,252 - INFO - (False, '[GAME NOT FOUND]')
2026-08-12 00:19:29,253 - INFO - jurytacbobo
2026-08-12 00:19:29,253 - INFO - 8
2026-08-12 00:19:31,009 - INFO - (False, '[GAME NOT FOUND]')
2026-08-12 00:19:31,009 - INFO - LdnByEm
2026-08-12 00:19:31,009 - INFO - 10
2026-08-12 00:19:31,325 - INFO - (False, '[GAME NOT FOUND]')
2026-08-12 00:19:31,325 - INFO - kuloping
2026-08-12 00:19:31,325 - INFO - 1
2026-08-12 00:19:31,570 - INFO - (False, '[GAME NOT FOUND]')
2026-08-12 00:19:31,570 - INFO - AdowbongManacc1234
2026-08-12 00:19:31,570 - INFO - 12
2026-08-12 00:19:31,572 - INFO - (False, '[GAME NOT FOUND]')
2026-08-12 00:19:31,572 - INFO - Zacknights
2026-08-12 00:19:31,572 - INFO - 9
2026-08-12 00:19:33,102 - INFO - (False, '[GAME NOT FOUND]')
2026-08-12 00:19:33,102 - INFO - Dodong_Kambi1
2026-08-12 00:19:33,102 - INFO - 14
2026-08-12 00:19:33,153 - INFO - (False, '[GAME NOT FOUND]')
2026-08-12 00:19:33,153 - INFO - SethCL21
2026-08-12 00:19:33,156 - INFO - 11
2026-08-12 00:19:33,167 - INFO - (False, '[GAME NOT FOUND]')
2026-08-12 00:19:33,167 - INFO - jam_25
2026-08-12 00:19:33,167 - INFO - 2
2026-08-12 00:19:33,378 - INFO - (False, '[GAME NOT FOUND]')
2026-08-12 00:19:33,378 - INFO - Synesthesiaaaaaaa
2026-08-12 00:19:33,378 - INFO - 15
2026-08-12 00:19:33,381 - INFO - (False, '[GAME NOT FOUND]')
2026-08-12 00:19:33,381 - INFO - unhappykiddo
2026-08-12 00:19:33,381 - INFO - 17
2026-08-12 00:19:33,386 - INFO - (False, '[GAME NOT FOUND]')
2026-08-12 00:19:33,386 - INFO - Cowboyhunter36
2026-08-12 00:19:33,386 - INFO - 16
2026-08-12 00:19:33,776 - INFO - (False, '[This user does not exist]')
2026-08-12 00:19:33,776 - INFO - Iniakoiskinh
2026-08-12 00:19:33,776 - INFO - 19
2026-08-12 00:19:35,041 - INFO - (False, '[GAME NOT FOUND]')
2026-08-12 00:19:35,041 - INFO - jacobmorada
2026-08-12 00:19:35,042 - INFO - 18
2026-08-12 00:19:36,938 - INFO - (False, '[GAME NOT FOUND]')
2026-08-12 00:19:36,938 - INFO - King_Natthhh
2026-08-12 00:19:36,938 - INFO - 13
2026-08-12 00:19:37,241 - INFO - (False, '[GAME NOT FOUND]')
2026-08-12 00:19:37,242 - INFO - norekaj20
2026-08-12 00:19:37,242 - INFO - 0
2026-08-12 00:19:37,269 - INFO - (False, '[GAME NOT FOUND]')
2026-08-12 00:19:37,269 - INFO - SHYtypeXB
2026-08-12 00:19:37,269 - INFO - 23
2026-08-12 00:19:37,583 - INFO - (False, '[GAME NOT FOUND]')
2026-08-12 00:19:37,583 - INFO - eljonbalala
2026-08-12 00:19:37,583 - INFO - 22
2026-08-12 00:19:37,588 - INFO - (False, '[GAME NOT FOUND]')
2026-08-12 00:19:37,588 - INFO - SeandwichGambit
2026-08-12 00:19:37,588 - INFO - 25
2026-08-12 00:19:37,589 - INFO - (False, '[GAME NOT FOUND]')
2026-08-12 00:19:37,589 - INFO - Bini-Maloi
2026-08-12 00:19:37,589 - INFO - 20
2026-08-12 00:19:37,863 - INFO - (False, '[GAME NOT FOUND]')
2026-08-12 00:19:37,863 - INFO - AnixTo2k
2026-08-12 00:19:37,863 - INFO - 24
2026-08-12 00:19:38,494 - INFO - (False, '[GAME NOT FOUND]')
2026-08-12 00:19:38,495 - INFO - RookJas0n
2026-08-12 00:19:38,495 - INFO - 26
2026-08-12 00:19:38,725 - INFO - (False, '[GAME NOT FOUND]')
2026-08-12 00:19:38,725 - INFO - henrick0412
2026-08-12 00:19:38,725 - INFO - 21
2026-08-12 00:19:38,727 - INFO - (False, '[GAME NOT FOUND]')
2026-08-12 00:19:38,727 - INFO - bluecooler
2026-08-12 00:19:38,727 - INFO - 28
2026-08-12 00:19:38,959 - INFO - (False, '[GAME NOT FOUND]')
2026-08-12 00:19:38,959 - INFO - kaijanchess
2026-08-12 00:19:38,959 - INFO - 29
2026-08-12 00:19:40,097 - INFO - (False, '[GAME NOT FOUND]')
2026-08-12 00:19:40,097 - INFO - Non-Clique
2026-08-12 00:19:40,097 - INFO - 32
2026-08-12 00:19:40,097 - INFO - (False, '[GAME NOT FOUND]')
2026-08-12 00:19:40,097 - INFO - steve-alegre
2026-08-12 00:19:40,097 - INFO - 30
2026-08-12 00:19:40,102 - INFO - (False, '[GAME NOT FOUND]')
2026-08-12 00:19:40,102 - INFO - Paulmorphy100
2026-08-12 00:19:40,102 - INFO - 27
2026-08-12 00:19:40,924 - INFO - (False, '[GAME NOT FOUND]')
2026-08-12 00:19:40,924 - INFO - labodiaz
2026-08-12 00:19:40,925 - INFO - 33
2026-08-12 00:19:40,929 - INFO - (False, '[GAME NOT FOUND]')
2026-08-12 00:19:40,929 - INFO - FueledByJunkFoods
2026-08-12 00:19:40,929 - INFO - 31
2026-08-12 00:19:41,453 - INFO - (False, '[GAME NOT FOUND]')
2026-08-12 00:19:41,453 - INFO - u010222
2026-08-12 00:19:41,453 - INFO - 36
2026-08-12 00:19:41,600 - INFO - (False, '[GAME NOT FOUND]')
2026-08-12 00:19:41,600 - INFO - Rahman023
2026-08-12 00:19:41,600 - INFO - 35
2026-08-12 00:19:41,983 - INFO - (False, '[GAME NOT FOUND]')
2026-08-12 00:19:41,983 - INFO - only-human12
2026-08-12 00:19:41,983 - INFO - 37
2026-08-12 00:19:42,409 - INFO - (False, '[GAME NOT FOUND]')
2026-08-12 00:19:42,409 - INFO - Greggg_28
2026-08-12 00:19:42,409 - INFO - 39
2026-08-12 00:19:42,820 - INFO - (False, '[GAME NOT FOUND]')
2026-08-12 00:19:42,820 - INFO - astig_02
2026-08-12 00:19:42,820 - INFO - 42
2026-08-12 00:19:42,840 - INFO - (False, '[GAME NOT FOUND]')
2026-08-12 00:19:42,840 - INFO - GMkith
2026-08-12 00:19:42,840 - INFO - 38
2026-08-12 00:19:43,416 - INFO - (False, '[GAME NOT FOUND]')
2026-08-12 00:19:43,416 - INFO - BhiveBuns
2026-08-12 00:19:43,416 - INFO - 43
2026-08-12 00:19:44,672 - INFO - (False, '[GAME NOT FOUND]')
2026-08-12 00:19:44,672 - INFO - vicoi_08
2026-08-12 00:19:44,672 - INFO - 48
2026-08-12 00:19:45,375 - INFO - (False, '[GAME NOT FOUND]')
2026-08-12 00:19:45,375 - INFO - BaiTats
2026-08-12 00:19:45,375 - INFO - 44
2026-08-12 00:19:45,379 - INFO - (False, '[GAME NOT FOUND]')
2026-08-12 00:19:45,379 - INFO - ThinkTankBoom
2026-08-12 00:19:45,380 - INFO - 40
2026-08-12 00:19:45,458 - INFO - (False, '[GAME NOT FOUND]')
2026-08-12 00:19:45,458 - INFO - LeHorseey
2026-08-12 00:19:45,458 - INFO - 45
2026-08-12 00:19:47,967 - INFO - (False, '[GAME NOT FOUND]')
2026-08-12 00:19:47,967 - INFO - Elzamboh
2026-08-12 00:19:47,967 - INFO - 46
2026-08-12 00:19:48,064 - INFO - (False, '[GAME NOT FOUND]')
2026-08-12 00:19:48,064 - INFO - FritZot24
2026-08-12 00:19:48,065 - INFO - 49
2026-08-12 00:19:48,191 - INFO - (False, '[GAME NOT FOUND]')
2026-08-12 00:19:48,191 - INFO - John_Hollero_21
2026-08-12 00:19:48,191 - INFO - 52
2026-08-12 00:19:50,246 - INFO - (False, '[GAME NOT FOUND]')
2026-08-12 00:19:50,247 - INFO - Talscher_06
2026-08-12 00:19:50,247 - INFO - 41
2026-08-12 00:19:50,326 - INFO - (False, '[GAME NOT FOUND]')
2026-08-12 00:19:50,326 - INFO - Dondon157
2026-08-12 00:19:50,326 - INFO - 34
2026-08-12 00:19:50,634 - INFO - (False, '[GAME NOT FOUND]')
2026-08-12 00:19:50,634 - INFO - Taiji_Chess22
2026-08-12 00:19:50,634 - INFO - 50
2026-08-12 00:19:50,698 - INFO - (False, '[GAME NOT FOUND]')
2026-08-12 00:19:50,698 - INFO - Eli_05
2026-08-12 00:19:50,698 - INFO - 47
2026-08-12 00:19:51,188 - INFO - (False, '[GAME NOT FOUND]')
2026-08-12 00:19:51,188 - INFO - Lowkey2khshs
2026-08-12 00:19:51,188 - INFO - 51
2026-08-12 00:19:51,850 - INFO - (False, '[GAME NOT FOUND]')
2026-08-12 00:19:51,850 - INFO - renzdariel
2026-08-12 00:19:51,850 - INFO - 55
2026-08-12 00:19:52,165 - INFO - (False, '[GAME NOT FOUND]')
2026-08-12 00:19:52,165 - INFO - reneluisromero123
2026-08-12 00:19:52,165 - INFO - 57
2026-08-12 00:19:52,167 - INFO - (False, '[GAME NOT FOUND]')
2026-08-12 00:19:52,168 - INFO - GreenDawn696
2026-08-12 00:19:52,168 - INFO - 54
2026-08-12 00:19:52,183 - INFO - (False, '[GAME NOT FOUND]')
2026-08-12 00:19:52,183 - INFO - elorta_david
2026-08-12 00:19:52,183 - INFO - 61
2026-08-12 00:19:53,034 - INFO - (False, '[GAME NOT FOUND]')
2026-08-12 00:19:53,034 - INFO - Jacob_Sta_ana
2026-08-12 00:19:53,034 - INFO - 60
2026-08-12 00:19:53,469 - INFO - (False, '[GAME NOT FOUND]')
2026-08-12 00:19:53,469 - INFO - sanzu
2026-08-12 00:19:53,469 - INFO - 56
2026-08-12 00:19:53,542 - INFO - (False, '[GAME NOT FOUND]')
2026-08-12 00:19:53,542 - INFO - airplanemode1987
2026-08-12 00:19:53,542 - INFO - 63
2026-08-12 00:19:53,906 - INFO - (False, '[GAME NOT FOUND]')
2026-08-12 00:19:53,906 - INFO - Cedric0429
2026-08-12 00:19:53,906 - INFO - 58
2026-08-12 00:19:55,273 - INFO - (False, '[GAME NOT FOUND]')
2026-08-12 00:19:55,273 - INFO - RommelGarrido
2026-08-12 00:19:55,274 - INFO - 65
2026-08-12 00:19:55,437 - INFO - (False, '[GAME NOT FOUND]')
2026-08-12 00:19:55,437 - INFO - Izayoi_23
2026-08-12 00:19:55,437 - INFO - 59
2026-08-12 00:19:55,470 - INFO - (False, '[GAME NOT FOUND]')
2026-08-12 00:19:55,471 - INFO - huzienbangon
2026-08-12 00:19:55,471 - INFO - 67
2026-08-12 00:19:57,632 - INFO - (False, '[GAME NOT FOUND]')
2026-08-12 00:19:57,632 - INFO - GREATKINGSLAYER
2026-08-12 00:19:57,632 - INFO - 69
2026-08-12 00:19:59,005 - INFO - (False, '[GAME NOT FOUND]')
2026-08-12 00:19:59,005 - INFO - GSAlegre
2026-08-12 00:19:59,005 - INFO - 62
2026-08-12 00:19:59,446 - INFO - (False, '[GAME NOT FOUND]')
2026-08-12 00:19:59,446 - INFO - SeasonYourFood
2026-08-12 00:19:59,446 - INFO - 68
2026-08-12 00:19:59,861 - INFO - (False, '[GAME NOT FOUND]')
2026-08-12 00:19:59,861 - INFO - KingRendy
2026-08-12 00:19:59,861 - INFO - 64
2026-08-12 00:20:00,228 - INFO - (False, '[GAME NOT FOUND]')
2026-08-12 00:20:00,228 - INFO - Richboy_Guada
2026-08-12 00:20:00,228 - INFO - 70
2026-08-12 00:20:01,496 - INFO - (False, '[GAME NOT FOUND]')
2026-08-12 00:20:01,496 - INFO - Genghis_Imperial
2026-08-12 00:20:01,498 - INFO - 66
2026-08-12 00:20:01,732 - INFO - (False, '[GAME NOT FOUND]')
2026-08-12 00:20:01,732 - INFO - gmjimzon
2026-08-12 00:20:01,732 - INFO - 72
2026-08-12 00:20:01,734 - INFO - (False, '[GAME NOT FOUND]')
2026-08-12 00:20:01,734 - INFO - Hoople1115
2026-08-12 00:20:01,734 - INFO - 74
2026-08-12 00:20:02,034 - INFO - (False, '[GAME NOT FOUND]')
2026-08-12 00:20:02,034 - INFO - Angelo0318
2026-08-12 00:20:02,035 - INFO - 71
2026-08-12 00:20:02,116 - INFO - (False, '[GAME NOT FOUND]')
2026-08-12 00:20:02,116 - INFO - jrodaquino
2026-08-12 00:20:02,116 - INFO - 76
2026-08-12 00:20:03,063 - INFO - (False, '[GAME NOT FOUND]')
2026-08-12 00:20:03,063 - INFO - GZONEEE
2026-08-12 00:20:03,063 - INFO - 75
2026-08-12 00:20:03,754 - INFO - (False, '[GAME NOT FOUND]')
2026-08-12 00:20:03,754 - INFO - Jrcabs17
2026-08-12 00:20:03,754 - INFO - 73
2026-08-12 00:20:04,463 - INFO - (False, '[GAME NOT FOUND]')
2026-08-12 00:20:04,463 - INFO - Joefer18
2026-08-12 00:20:04,463 - INFO - 77
2026-08-12 00:20:04,628 - INFO - (False, '[GAME NOT FOUND]')
2026-08-12 00:20:04,628 - INFO - QJMM
2026-08-12 00:20:04,628 - INFO - 78
2026-08-12 00:20:04,986 - INFO - (False, '[GAME NOT FOUND]')
2026-08-12 00:20:04,986 - INFO - pokermonster31
2026-08-12 00:20:04,987 - INFO - 82
2026-08-12 00:20:06,242 - INFO - (False, '[GAME NOT FOUND]')
2026-08-12 00:20:06,242 - INFO - laurie45
2026-08-12 00:20:06,242 - INFO - 81
2026-08-12 00:20:06,731 - INFO - (False, '[GAME NOT FOUND]')
2026-08-12 00:20:06,731 - INFO - Bembemskei
2026-08-12 00:20:06,731 - INFO - 83
2026-08-12 00:20:08,209 - INFO - (False, '[GAME NOT FOUND]')
2026-08-12 00:20:08,209 - INFO - blocksalje
2026-08-12 00:20:08,209 - INFO - 84
2026-08-12 00:20:08,254 - INFO - (False, '[GAME NOT FOUND]')
2026-08-12 00:20:08,254 - INFO - marilyn000000008
2026-08-12 00:20:08,254 - INFO - 88
2026-08-12 00:20:10,201 - INFO - (False, '[GAME NOT FOUND]')
2026-08-12 00:20:10,201 - INFO - TheProofngPinas
2026-08-12 00:20:10,201 - INFO - 80
2026-08-12 00:20:10,202 - INFO - (False, '[GAME NOT FOUND]')
2026-08-12 00:20:10,202 - INFO - tonzkie0813
2026-08-12 00:20:10,202 - INFO - 85
2026-08-12 00:20:10,218 - INFO - (False, '[GAME NOT FOUND]')
2026-08-12 00:20:10,219 - INFO - Earnzxiety
2026-08-12 00:20:10,219 - INFO - 91
2026-08-12 00:20:10,936 - INFO - (False, '[GAME NOT FOUND]')
2026-08-12 00:20:10,936 - INFO - Crishajanemadrigal
2026-08-12 00:20:10,936 - INFO - 89
2026-08-12 00:20:11,179 - INFO - (False, '[GAME NOT FOUND]')
2026-08-12 00:20:11,179 - INFO - LeonitoCruz
2026-08-12 00:20:11,179 - INFO - 86
2026-08-12 00:20:11,904 - INFO - (False, '[GAME NOT FOUND]')
2026-08-12 00:20:11,904 - INFO - BringHomeTheBeacon
2026-08-12 00:20:11,904 - INFO - 90
2026-08-12 00:20:12,236 - INFO - (False, '[GAME NOT FOUND]')
2026-08-12 00:20:12,236 - INFO - EllyRamirez
2026-08-12 00:20:12,238 - INFO - 53
2026-08-12 00:20:12,248 - INFO - (False, '[GAME NOT FOUND]')
2026-08-12 00:20:12,248 - INFO - Francis-Dave
2026-08-12 00:20:12,248 - INFO - 92
2026-08-12 00:20:15,093 - INFO - (False, '[GAME NOT FOUND]')
2026-08-12 00:20:15,093 - INFO - JaimeCanojr
2026-08-12 00:20:15,093 - INFO - 79
2026-08-12 00:20:15,306 - INFO - (False, '[GAME NOT FOUND]')
2026-08-12 00:20:15,306 - INFO - JmaAel
2026-08-12 00:20:15,306 - INFO - 96
2026-08-12 00:20:16,025 - INFO - (False, '[GAME NOT FOUND]')
2026-08-12 00:20:16,025 - INFO - Albert_MatthewC
2026-08-12 00:20:16,025 - INFO - 87
2026-08-12 00:20:16,480 - INFO - (False, '[GAME NOT FOUND]')
2026-08-12 00:20:16,480 - INFO - J6767_6767_31
2026-08-12 00:20:16,480 - INFO - 93
2026-08-12 00:20:16,497 - INFO - (False, '[GAME NOT FOUND]')
2026-08-12 00:20:16,497 - INFO - NOELLUBS
2026-08-12 00:20:16,497 - INFO - 98
2026-08-12 00:20:16,823 - INFO - (False, '[GAME NOT FOUND]')
2026-08-12 00:20:16,823 - INFO - aimvon
2026-08-12 00:20:16,823 - INFO - 97
2026-08-12 00:20:17,990 - INFO - (False, '[GAME NOT FOUND]')
2026-08-12 00:20:17,990 - INFO - JuashDfg
2026-08-12 00:20:17,990 - INFO - 94
2026-08-12 00:20:18,666 - INFO - (False, '[GAME NOT FOUND]')
2026-08-12 00:20:18,666 - INFO - Bautistarob
2026-08-12 00:20:18,666 - INFO - 99
2026-08-12 00:20:18,677 - INFO - (False, '[GAME NOT FOUND]')
2026-08-12 00:20:18,677 - INFO - KarlStephen2026
2026-08-12 00:20:18,677 - INFO - 100
2026-08-12 00:20:19,202 - INFO - (False, '[GAME NOT FOUND]')
2026-08-12 00:20:19,202 - INFO - Noobiee8118
2026-08-12 00:20:19,202 - INFO - 104
2026-08-12 00:20:19,465 - INFO - (False, '[GAME NOT FOUND]')
2026-08-12 00:20:19,465 - INFO - Rai_Buu
2026-08-12 00:20:19,465 - INFO - 103
2026-08-12 00:20:21,592 - INFO - (False, '[GAME NOT FOUND]')
2026-08-12 00:20:21,592 - INFO - rubzky
2026-08-12 00:20:21,592 - INFO - 105
2026-08-12 00:20:22,626 - INFO - (False, '[GAME NOT FOUND]')
2026-08-12 00:20:22,626 - INFO - AGMLiamOmana
2026-08-12 00:20:22,626 - INFO - 107
2026-08-12 00:20:23,110 - INFO - (False, '[GAME NOT FOUND]')
2026-08-12 00:20:23,110 - INFO - MLR123669120012
2026-08-12 00:20:23,111 - INFO - 108
2026-08-12 00:20:23,111 - INFO - (False, '[GAME NOT FOUND]')
2026-08-12 00:20:23,111 - INFO - WhyNotH4chi
2026-08-12 00:20:23,111 - INFO - 111
2026-08-12 00:20:23,955 - INFO - (False, '[GAME NOT FOUND]')
2026-08-12 00:20:23,955 - INFO - Almanzorbarzana
2026-08-12 00:20:23,955 - INFO - 110
2026-08-12 00:20:24,511 - INFO - (False, '[GAME NOT FOUND]')
2026-08-12 00:20:24,511 - INFO - DrDreykenstein
2026-08-12 00:20:24,511 - INFO - 106
2026-08-12 00:20:25,097 - INFO - (False, '[GAME NOT FOUND]')
2026-08-12 00:20:25,097 - INFO - JMAyo79
2026-08-12 00:20:25,097 - INFO - 102
2026-08-12 00:20:25,150 - INFO - (False, '[GAME NOT FOUND]')
2026-08-12 00:20:25,151 - INFO - L-Xyro
2026-08-12 00:20:25,151 - INFO - 95
2026-08-12 00:20:25,208 - INFO - (False, '[GAME NOT FOUND]')
2026-08-12 00:20:25,208 - INFO - senseiiwohh
2026-08-12 00:20:25,208 - INFO - 113
2026-08-12 00:20:26,697 - INFO - (False, '[GAME NOT FOUND]')
2026-08-12 00:20:26,698 - INFO - labyrinth63
2026-08-12 00:20:26,698 - INFO - 101
2026-08-12 00:20:27,560 - INFO - (False, '[GAME NOT FOUND]')
2026-08-12 00:20:27,560 - INFO - TanJerin14
2026-08-12 00:20:27,560 - INFO - 115
2026-08-12 00:20:28,660 - INFO - (False, '[GAME NOT FOUND]')
2026-08-12 00:20:28,660 - INFO - c8strategy
2026-08-12 00:20:28,660 - INFO - 119
2026-08-12 00:20:28,847 - INFO - (False, '[GAME NOT FOUND]')
2026-08-12 00:20:28,847 - INFO - anthony4084
2026-08-12 00:20:28,850 - INFO - 117
2026-08-12 00:20:28,860 - INFO - (False, '[GAME NOT FOUND]')
2026-08-12 00:20:28,861 - INFO - RainielVon27
2026-08-12 00:20:28,861 - INFO - 118
2026-08-12 00:20:29,517 - INFO - (False, '[GAME NOT FOUND]')
2026-08-12 00:20:29,518 - INFO - nailong2
2026-08-12 00:20:29,518 - INFO - 114
2026-08-12 00:20:29,721 - INFO - (False, '[GAME NOT FOUND]')
2026-08-12 00:20:29,721 - INFO - bong556
2026-08-12 00:20:29,721 - INFO - 109
2026-08-12 00:20:30,023 - INFO - (False, '[GAME NOT FOUND]')
2026-08-12 00:20:30,023 - INFO - JFS_12
2026-08-12 00:20:30,023 - INFO - 120
2026-08-12 00:20:31,456 - INFO - (False, '[GAME NOT FOUND]')
2026-08-12 00:20:31,456 - INFO - Count_Elci
2026-08-12 00:20:31,456 - INFO - 121
2026-08-12 00:20:31,711 - INFO - (False, '[GAME NOT FOUND]')
2026-08-12 00:20:31,712 - INFO - Xirshi
2026-08-12 00:20:31,712 - INFO - 112
2026-08-12 00:20:31,714 - INFO - (False, '[GAME NOT FOUND]')
2026-08-12 00:20:31,714 - INFO - Chessgoat2e
2026-08-12 00:20:31,714 - INFO - 123
2026-08-12 00:20:31,714 - INFO - (False, '[GAME NOT FOUND]')
2026-08-12 00:20:31,714 - INFO - TeachMeHowtoPlayCheez
2026-08-12 00:20:31,714 - INFO - 124
2026-08-12 00:20:32,822 - INFO - (False, '[GAME NOT FOUND]')
2026-08-12 00:20:32,822 - INFO - Brian_Sariol
2026-08-12 00:20:32,822 - INFO - 127
2026-08-12 00:20:32,931 - INFO - (False, '[GAME NOT FOUND]')
2026-08-12 00:20:32,931 - INFO - Tedian_Montoyo
2026-08-12 00:20:32,931 - INFO - 128
2026-08-12 00:20:33,165 - INFO - (False, '[GAME NOT FOUND]')
2026-08-12 00:20:33,165 - INFO - Rald0603
2026-08-12 00:20:33,165 - INFO - 126
2026-08-12 00:20:34,149 - INFO - (False, '[GAME NOT FOUND]')
2026-08-12 00:20:34,149 - INFO - markie_16
2026-08-12 00:20:34,149 - INFO - 122
2026-08-12 00:20:34,412 - INFO - (False, '[GAME NOT FOUND]')
2026-08-12 00:20:34,412 - INFO - Skabaditulit
2026-08-12 00:20:34,412 - INFO - 130
2026-08-12 00:20:34,414 - INFO - (False, '[GAME NOT FOUND]')
2026-08-12 00:20:34,415 - INFO - Damian_Fabian_1961
2026-08-12 00:20:34,415 - INFO - 129
2026-08-12 00:20:34,774 - INFO - (False, '[GAME NOT FOUND]')
2026-08-12 00:20:34,774 - INFO - CANILOSEYOU
2026-08-12 00:20:34,774 - INFO - 131
2026-08-12 00:20:35,627 - INFO - (False, '[GAME NOT FOUND]')
2026-08-12 00:20:35,628 - INFO - iMkuyamopau
2026-08-12 00:20:35,631 - INFO - 134
2026-08-12 00:20:35,910 - INFO - (False, '[GAME NOT FOUND]')
2026-08-12 00:20:35,910 - INFO - zdreds
2026-08-12 00:20:35,910 - INFO - 125
2026-08-12 00:20:36,112 - INFO - (False, '[GAME NOT FOUND]')
2026-08-12 00:20:36,112 - INFO - Squid_Stomper
2026-08-12 00:20:36,112 - INFO - 135
2026-08-12 00:20:37,623 - INFO - (False, '[GAME NOT FOUND]')
2026-08-12 00:20:37,623 - INFO - Barts_tactics
2026-08-12 00:20:37,623 - INFO - 138
2026-08-12 00:20:38,689 - INFO - (False, '[GAME NOT FOUND]')
2026-08-12 00:20:38,689 - INFO - Sneppy23
2026-08-12 00:20:38,689 - INFO - 140
2026-08-12 00:20:39,392 - INFO - (False, '[GAME NOT FOUND]')
2026-08-12 00:20:39,392 - INFO - SuperSaiyan_06
2026-08-12 00:20:39,393 - INFO - 136
2026-08-12 00:20:39,718 - INFO - (False, '[GAME NOT FOUND]')
2026-08-12 00:20:39,718 - INFO - Planet_Megino
2026-08-12 00:20:39,718 - INFO - 116
2026-08-12 00:20:39,719 - INFO - (False, '[GAME NOT FOUND]')
2026-08-12 00:20:39,719 - INFO - Timepressure1999
2026-08-12 00:20:39,719 - INFO - 132
2026-08-12 00:20:39,722 - INFO - (False, '[GAME NOT FOUND]')
2026-08-12 00:20:39,723 - INFO - Kr1miny
2026-08-12 00:20:39,723 - INFO - 133
2026-08-12 00:20:39,828 - INFO - (False, '[GAME NOT FOUND]')
2026-08-12 00:20:39,828 - INFO - LIM_xianxikell
2026-08-12 00:20:39,829 - INFO - 142
2026-08-12 00:20:41,598 - INFO - (False, '[GAME NOT FOUND]')
2026-08-12 00:20:41,598 - INFO - monsterpawn7
2026-08-12 00:20:41,598 - INFO - 143
2026-08-12 00:20:41,674 - INFO - (False, '[GAME NOT FOUND]')
2026-08-12 00:20:41,674 - INFO - babyhanspogi
2026-08-12 00:20:41,674 - INFO - 148
2026-08-12 00:20:41,689 - INFO - (False, '[GAME NOT FOUND]')
2026-08-12 00:20:41,689 - INFO - CagnusMarlsen19938
2026-08-12 00:20:41,690 - INFO - 144
2026-08-12 00:20:42,511 - INFO - (False, '[GAME NOT FOUND]')
2026-08-12 00:20:42,511 - INFO - sherman204
2026-08-12 00:20:42,515 - INFO - 139
2026-08-12 00:20:42,521 - INFO - (False, '[GAME NOT FOUND]')
2026-08-12 00:20:42,528 - INFO - Dioscoro_Tano
2026-08-12 00:20:42,528 - INFO - 147
2026-08-12 00:20:42,528 - INFO - (False, '[GAME NOT FOUND]')
2026-08-12 00:20:42,529 - INFO - BlazeBlox
2026-08-12 00:20:42,529 - INFO - 146
2026-08-12 00:20:42,918 - INFO - (False, '[GAME NOT FOUND]')
2026-08-12 00:20:42,918 - INFO - VividMemoir
2026-08-12 00:20:42,918 - INFO - 145
2026-08-12 00:20:45,060 - INFO - (False, '[GAME NOT FOUND]')
2026-08-12 00:20:45,060 - INFO - cutenessmoves
2026-08-12 00:20:45,060 - INFO - 141
2026-08-12 00:20:45,164 - INFO - (False, '[GAME NOT FOUND]')
2026-08-12 00:20:45,164 - INFO - HevLiam
2026-08-12 00:20:45,164 - INFO - 152
2026-08-12 00:20:46,049 - INFO - (False, '[GAME NOT FOUND]')
2026-08-12 00:20:46,049 - INFO - Coach_Eman
2026-08-12 00:20:46,050 - INFO - 137
2026-08-12 00:20:46,054 - INFO - (False, '[GAME NOT FOUND]')
2026-08-12 00:20:46,054 - INFO - RodjRH
2026-08-12 00:20:46,054 - INFO - 156
2026-08-12 00:20:46,641 - INFO - (False, '[GAME NOT FOUND]')
2026-08-12 00:20:46,641 - INFO - mariomangubat
2026-08-12 00:20:46,642 - INFO - 151
2026-08-12 00:20:48,005 - INFO - (False, '[GAME NOT FOUND]')
2026-08-12 00:20:48,006 - INFO - dale_bernardo
2026-08-12 00:20:48,006 - INFO - 160
2026-08-12 00:20:48,006 - INFO - (False, '[GAME NOT FOUND]')
2026-08-12 00:20:48,006 - INFO - VicenteTanoy
2026-08-12 00:20:48,006 - INFO - 150
2026-08-12 00:20:48,149 - INFO - (False, '[GAME NOT FOUND]')
2026-08-12 00:20:48,150 - INFO - messyrobot
2026-08-12 00:20:48,150 - INFO - 159
2026-08-12 00:20:48,224 - INFO - (False, '[GAME NOT FOUND]')
2026-08-12 00:20:48,224 - INFO - Dnl58728
2026-08-12 00:20:48,224 - INFO - 157
2026-08-12 00:20:48,892 - INFO - (False, '[This user does not exist]')
2026-08-12 00:20:48,893 - INFO - jims_777
2026-08-12 00:20:48,893 - INFO - 162
2026-08-12 00:20:49,468 - INFO - (False, '[GAME NOT FOUND]')
2026-08-12 00:20:49,468 - INFO - Romelito001
2026-08-12 00:20:49,468 - INFO - 158
2026-08-12 00:20:50,153 - INFO - (False, '[GAME NOT FOUND]')
2026-08-12 00:20:50,153 - INFO - rg3rman
2026-08-12 00:20:50,153 - INFO - 163
2026-08-12 00:20:50,615 - INFO - (False, '[GAME NOT FOUND]')
2026-08-12 00:20:50,616 - INFO - baguhan_35
2026-08-12 00:20:50,618 - INFO - 153
2026-08-12 00:20:50,919 - INFO - (False, '[GAME NOT FOUND]')
2026-08-12 00:20:50,919 - INFO - The_Chilling_Al
2026-08-12 00:20:50,919 - INFO - 155
2026-08-12 00:20:51,914 - INFO - (False, '[GAME NOT FOUND]')
2026-08-12 00:20:51,915 - INFO - XiaoGan_Wei
2026-08-12 00:20:51,915 - INFO - 149
2026-08-12 00:20:52,149 - INFO - (False, '[GAME NOT FOUND]')
2026-08-12 00:20:52,149 - INFO - soleightude
2026-08-12 00:20:52,149 - INFO - 165
2026-08-12 00:20:52,542 - INFO - (False, '[GAME NOT FOUND]')
2026-08-12 00:20:52,542 - INFO - Markbryanmanrique
2026-08-12 00:20:52,542 - INFO - 154
2026-08-12 00:20:52,612 - INFO - (False, '[GAME NOT FOUND]')
2026-08-12 00:20:52,612 - INFO - JohnEsencia
2026-08-12 00:20:52,612 - INFO - 167
2026-08-12 00:20:53,036 - INFO - (False, '[GAME NOT FOUND]')
2026-08-12 00:20:53,036 - INFO - gmjoey1
2026-08-12 00:20:53,037 - INFO - 161
2026-08-12 00:20:53,042 - INFO - (False, '[GAME NOT FOUND]')
2026-08-12 00:20:53,046 - INFO - ar_mac
2026-08-12 00:20:53,046 - INFO - 166
2026-08-12 00:20:53,047 - INFO - (False, '[GAME NOT FOUND]')
2026-08-12 00:20:53,047 - INFO - Bisyapp
2026-08-12 00:20:53,047 - INFO - 168
2026-08-12 00:20:54,144 - INFO - (False, '[GAME NOT FOUND]')
2026-08-12 00:20:54,144 - INFO - L3itot
2026-08-12 00:20:54,144 - INFO - 172
2026-08-12 00:20:54,144 - INFO - (False, '[GAME NOT FOUND]')
2026-08-12 00:20:54,144 - INFO - KokoPims
2026-08-12 00:20:54,144 - INFO - 164
2026-08-12 00:20:54,847 - INFO - (False, '[GAME NOT FOUND]')
2026-08-12 00:20:54,847 - INFO - abalojacqpatch
2026-08-12 00:20:54,847 - INFO - 174
2026-08-12 00:20:55,718 - INFO - (False, '[GAME NOT FOUND]')
2026-08-12 00:20:55,718 - INFO - verchua
2026-08-12 00:20:55,718 - INFO - 171
2026-08-12 00:20:55,736 - INFO - (False, '[GAME NOT FOUND]')
2026-08-12 00:20:55,737 - INFO - capricorn040178
2026-08-12 00:20:55,738 - INFO - 169
2026-08-12 00:20:55,777 - INFO - (False, '[GAME NOT FOUND]')
2026-08-12 00:20:55,778 - INFO - Lanceeeyyyy
2026-08-12 00:20:55,778 - INFO - 175
2026-08-12 00:20:56,632 - INFO - (False, '[GAME NOT FOUND]')
2026-08-12 00:20:56,632 - INFO - ChessTroopers13
2026-08-12 00:20:56,632 - INFO - 170
2026-08-12 00:20:57,356 - INFO - (False, '[GAME NOT FOUND]')
2026-08-12 00:20:57,356 - INFO - invalidrnv
2026-08-12 00:20:57,356 - INFO - 173
2026-08-12 00:20:57,358 - INFO - (False, '[GAME NOT FOUND]')
2026-08-12 00:20:57,358 - INFO - Baguhan_33
2026-08-12 00:20:57,358 - INFO - 180
2026-08-12 00:21:01,281 - INFO - (False, '[GAME NOT FOUND]')
2026-08-12 00:21:01,282 - INFO - auhsojlrakohcacoj
2026-08-12 00:21:01,282 - INFO - 179
2026-08-12 00:21:01,777 - INFO - (False, '[GAME NOT FOUND]')
2026-08-12 00:21:01,777 - INFO - jhoemr
2026-08-12 00:21:01,777 - INFO - 186
2026-08-12 00:21:01,931 - INFO - (False, '[GAME NOT FOUND]')
2026-08-12 00:21:01,931 - INFO - CMlevel
2026-08-12 00:21:01,931 - INFO - 184
2026-08-12 00:21:02,825 - INFO - (False, '[GAME NOT FOUND]')
2026-08-12 00:21:02,825 - INFO - PeterPiper235
2026-08-12 00:21:02,825 - INFO - 183
2026-08-12 00:21:03,976 - INFO - (False, '[GAME NOT FOUND]')
2026-08-12 00:21:03,976 - INFO - Transfat14
2026-08-12 00:21:03,976 - INFO - 176
2026-08-12 00:21:05,011 - INFO - (False, '[GAME NOT FOUND]')
2026-08-12 00:21:05,011 - INFO - JohnDavePaja7
2026-08-12 00:21:05,011 - INFO - 187
2026-08-12 00:21:05,509 - INFO - (False, '[GAME NOT FOUND]')
2026-08-12 00:21:05,509 - INFO - rolanddevilles
2026-08-12 00:21:05,509 - INFO - 181
2026-08-12 00:21:05,572 - INFO - (False, '[GAME NOT FOUND]')
2026-08-12 00:21:05,572 - INFO - Byeon_Seungram
2026-08-12 00:21:05,572 - INFO - 188
2026-08-12 00:21:06,252 - INFO - (False, '[GAME NOT FOUND]')
2026-08-12 00:21:06,252 - INFO - Silent-Gambit143
2026-08-12 00:21:06,252 - INFO - 178
2026-08-12 00:21:06,769 - INFO - (False, '[GAME NOT FOUND]')
2026-08-12 00:21:06,769 - INFO - Forgetfulness_of_Luben
2026-08-12 00:21:06,769 - INFO - 182
2026-08-12 00:21:06,807 - INFO - (False, '[GAME NOT FOUND]')
2026-08-12 00:21:06,807 - INFO - Ako_Si_Jarfinel
2026-08-12 00:21:06,807 - INFO - 189
2026-08-12 00:21:07,357 - INFO - (False, '[GAME NOT FOUND]')
2026-08-12 00:21:07,357 - INFO - Orbe_Cliburn
2026-08-12 00:21:07,357 - INFO - 177
2026-08-12 00:21:07,700 - INFO - (False, '[GAME NOT FOUND]')
2026-08-12 00:21:07,700 - INFO - daudau08
2026-08-12 00:21:07,700 - INFO - 190
2026-08-12 00:21:07,822 - INFO - (False, '[GAME NOT FOUND]')
2026-08-12 00:21:07,822 - INFO - maxstranger
2026-08-12 00:21:07,822 - INFO - 191
2026-08-12 00:21:09,418 - INFO - (False, '[GAME NOT FOUND]')
2026-08-12 00:21:09,418 - INFO - 67_still_Tought
2026-08-12 00:21:09,418 - INFO - 185
2026-08-12 00:21:09,752 - INFO - (False, '[GAME NOT FOUND]')
2026-08-12 00:21:09,753 - INFO - eskisskaz
2026-08-12 00:21:09,753 - INFO - 192
2026-08-12 00:21:09,944 - INFO - (False, '[GAME NOT FOUND]')
2026-08-12 00:21:09,944 - INFO - james4285EV
2026-08-12 00:21:09,944 - INFO - 196
2026-08-12 00:21:10,117 - INFO - (False, '[GAME NOT FOUND]')
2026-08-12 00:21:10,117 - INFO - Cynikks
2026-08-12 00:21:10,117 - INFO - 195
2026-08-12 00:21:17,408 - INFO - (False, '[GAME NOT FOUND]')
2026-08-12 00:21:17,408 - INFO - M1kha_Lim
2026-08-12 00:21:17,408 - INFO - 198
2026-08-12 00:21:17,409 - INFO - (False, '[GAME NOT FOUND]')
2026-08-12 00:21:17,409 - INFO - abdullahsali72
2026-08-12 00:21:17,409 - INFO - 193
2026-08-12 00:21:17,499 - INFO - (False, '[GAME NOT FOUND]')
2026-08-12 00:21:17,499 - INFO - WPNHS_Jacob
2026-08-12 00:21:17,499 - INFO - 204
2026-08-12 00:21:18,052 - INFO - (False, '[GAME NOT FOUND]')
2026-08-12 00:21:18,052 - INFO - maklotus
2026-08-12 00:21:18,052 - INFO - 199
2026-08-12 00:21:18,752 - INFO - (False, '[GAME NOT FOUND]')
2026-08-12 00:21:18,752 - INFO - R0iz
2026-08-12 00:21:18,752 - INFO - 203
2026-08-12 00:21:18,829 - INFO - (False, '[GAME NOT FOUND]')
2026-08-12 00:21:18,829 - INFO - Ynnam657
2026-08-12 00:21:18,830 - INFO - 201
2026-08-12 00:21:19,050 - INFO - (False, '[GAME NOT FOUND]')
2026-08-12 00:21:19,050 - INFO - RonMarvin
2026-08-12 00:21:19,050 - INFO - 200
2026-08-12 00:21:19,984 - INFO - (False, '[GAME NOT FOUND]')
2026-08-12 00:21:19,984 - INFO - metrolirot
2026-08-12 00:21:19,985 - INFO - 207
2026-08-12 00:21:21,402 - INFO - (False, '[GAME NOT FOUND]')
2026-08-12 00:21:21,402 - INFO - idk171716
2026-08-12 00:21:21,402 - INFO - 209
2026-08-12 00:21:22,072 - INFO - (False, '[GAME NOT FOUND]')
2026-08-12 00:21:22,088 - INFO - EdselCabague
2026-08-12 00:21:22,088 - INFO - 194
2026-08-12 00:21:22,707 - INFO - (False, '[GAME NOT FOUND]')
2026-08-12 00:21:22,707 - INFO - Falcinm
2026-08-12 00:21:22,707 - INFO - 197
2026-08-12 00:21:22,715 - INFO - (False, '[GAME NOT FOUND]')
2026-08-12 00:21:22,715 - INFO - CutieFredyEZwin
2026-08-12 00:21:22,715 - INFO - 205
2026-08-12 00:21:22,729 - INFO - (False, '[GAME NOT FOUND]')
2026-08-12 00:21:22,729 - INFO - cramp101
2026-08-12 00:21:22,729 - INFO - 206
2026-08-12 00:21:22,864 - INFO - (False, '[GAME NOT FOUND]')
2026-08-12 00:21:22,864 - INFO - ChardTheDragonMaster
2026-08-12 00:21:22,864 - INFO - 212
2026-08-12 00:21:23,303 - INFO - (False, '[GAME NOT FOUND]')
2026-08-12 00:21:23,303 - INFO - FranceMagalona
2026-08-12 00:21:23,303 - INFO - 210
2026-08-12 00:21:23,482 - INFO - (False, '[GAME NOT FOUND]')
2026-08-12 00:21:23,483 - INFO - PrettyDonna
2026-08-12 00:21:23,483 - INFO - 211
2026-08-12 00:21:24,370 - INFO - (False, '[GAME NOT FOUND]')
2026-08-12 00:21:24,370 - INFO - morsk613
2026-08-12 00:21:24,370 - INFO - 213
2026-08-12 00:21:24,774 - INFO - (False, '[GAME NOT FOUND]')
2026-08-12 00:21:24,774 - INFO - bryanjdetano
2026-08-12 00:21:24,774 - INFO - 214
2026-08-12 00:21:24,845 - INFO - (False, '[GAME NOT FOUND]')
2026-08-12 00:21:24,846 - INFO - christianjacob1
2026-08-12 00:21:24,846 - INFO - 208
2026-08-12 00:21:24,993 - INFO - (False, '[GAME NOT FOUND]')
2026-08-12 00:21:24,993 - INFO - CHESSISREL
2026-08-12 00:21:24,993 - INFO - 217
2026-08-12 00:21:25,808 - INFO - (False, '[GAME NOT FOUND]')
2026-08-12 00:21:25,808 - INFO - NiloBoi
2026-08-12 00:21:25,808 - INFO - 215
2026-08-12 00:21:25,984 - INFO - (False, '[GAME NOT FOUND]')
2026-08-12 00:21:25,984 - INFO - GoodFarmer
2026-08-12 00:21:25,984 - INFO - 202
2026-08-12 00:21:26,143 - INFO - (False, '[GAME NOT FOUND]')
2026-08-12 00:21:26,143 - INFO - DevilDezipher
2026-08-12 00:21:26,143 - INFO - 216
2026-08-12 00:21:26,857 - INFO - (False, '[GAME NOT FOUND]')
2026-08-12 00:21:26,857 - INFO - RatingSlayer2007
2026-08-12 00:21:26,857 - INFO - 223
2026-08-12 00:21:27,203 - INFO - (False, '[GAME NOT FOUND]')
2026-08-12 00:21:27,203 - INFO - Roedken
2026-08-12 00:21:27,203 - INFO - 224
2026-08-12 00:21:28,129 - INFO - (False, '[GAME NOT FOUND]')
2026-08-12 00:21:28,129 - INFO - racingdriverplayingchess
2026-08-12 00:21:28,129 - INFO - 219
2026-08-12 00:21:28,222 - INFO - (False, '[GAME NOT FOUND]')
2026-08-12 00:21:28,223 - INFO - royroyx
2026-08-12 00:21:28,224 - INFO - 221
2026-08-12 00:21:28,925 - INFO - (False, '[GAME NOT FOUND]')
2026-08-12 00:21:28,925 - INFO - Black_Knight_0721
2026-08-12 00:21:28,925 - INFO - 226
2026-08-12 00:21:29,018 - INFO - (False, '[GAME NOT FOUND]')
2026-08-12 00:21:29,018 - INFO - LennoxSamson2
2026-08-12 00:21:29,018 - INFO - 220
2026-08-12 00:21:29,018 - INFO - (False, '[GAME NOT FOUND]')
2026-08-12 00:21:29,019 - INFO - Amaneka
2026-08-12 00:21:29,019 - INFO - 227
2026-08-12 00:21:29,032 - INFO - (False, '[GAME NOT FOUND]')
2026-08-12 00:21:29,032 - INFO - ThePerfectAlienn
2026-08-12 00:21:29,032 - INFO - 222
2026-08-12 00:21:29,033 - INFO - (False, '[GAME NOT FOUND]')
2026-08-12 00:21:29,033 - INFO - Havi1107
2026-08-12 00:21:29,033 - INFO - 218
2026-08-12 00:21:29,045 - INFO - (False, '[GAME NOT FOUND]')
2026-08-12 00:21:29,045 - INFO - SaryDandamun
2026-08-12 00:21:29,045 - INFO - 225
2026-08-12 00:21:29,046 - INFO - (False, '[GAME NOT FOUND]')
2026-08-12 00:21:29,046 - INFO - Plastina2003
2026-08-12 00:21:29,046 - INFO - 228
2026-08-12 00:21:30,197 - INFO - (False, '[GAME NOT FOUND]')
2026-08-12 00:21:30,197 - INFO - Kingpakz07
2026-08-12 00:21:30,197 - INFO - 229
2026-08-12 00:21:30,414 - INFO - (False, '[GAME NOT FOUND]')
2026-08-12 00:21:30,414 - INFO - hadogken0000
2026-08-12 00:21:30,414 - INFO - 236
2026-08-12 00:21:30,657 - INFO - (False, '[GAME NOT FOUND]')
2026-08-12 00:21:30,657 - INFO - loytinnet
2026-08-12 00:21:30,657 - INFO - 237
2026-08-12 00:21:31,268 - INFO - (False, '[GAME NOT FOUND]')
2026-08-12 00:21:31,268 - INFO - masterfreestyle
2026-08-12 00:21:31,268 - INFO - 234
2026-08-12 00:21:31,272 - INFO - (False, '[GAME NOT FOUND]')
2026-08-12 00:21:31,273 - INFO - kulatador
2026-08-12 00:21:31,273 - INFO - 230
2026-08-12 00:21:31,273 - INFO - (False, '[GAME NOT FOUND]')
2026-08-12 00:21:31,273 - INFO - doytejo55
2026-08-12 00:21:31,273 - INFO - 231
2026-08-12 00:21:31,335 - INFO - (False, '[GAME NOT FOUND]')
2026-08-12 00:21:31,335 - INFO - TouchOfTouch
2026-08-12 00:21:31,335 - INFO - 232
2026-08-12 00:21:31,772 - INFO - (False, '[GAME NOT FOUND]')
2026-08-12 00:21:31,772 - INFO - ForsakenWann
2026-08-12 00:21:31,772 - INFO - 233
2026-08-12 00:21:31,777 - INFO - (False, '[GAME NOT FOUND]')
2026-08-12 00:21:31,777 - INFO - DavidAsugJr
2026-08-12 00:21:31,777 - INFO - 238
2026-08-12 00:21:31,995 - INFO - (False, '[GAME NOT FOUND]')
2026-08-12 00:21:31,995 - INFO - 16redh
2026-08-12 00:21:31,995 - INFO - 239
2026-08-12 00:21:32,039 - INFO - (False, '[GAME NOT FOUND]')
2026-08-12 00:21:32,039 - INFO - Unlicheck
2026-08-12 00:21:32,039 - INFO - 235
2026-08-12 00:21:32,472 - INFO - (False, '[GAME NOT FOUND]')
2026-08-12 00:21:32,472 - INFO - JawadBazer14
2026-08-12 00:21:32,472 - INFO - 240
2026-08-12 00:21:33,141 - INFO - (False, '[GAME NOT FOUND]')
2026-08-12 00:21:33,141 - INFO - novnayrram
2026-08-12 00:21:33,141 - INFO - 247
2026-08-12 00:21:33,647 - INFO - (False, '[GAME NOT FOUND]')
2026-08-12 00:21:33,647 - INFO - baltzky
2026-08-12 00:21:33,647 - INFO - 244
2026-08-12 00:21:33,938 - INFO - (False, '[GAME NOT FOUND]')
2026-08-12 00:21:33,938 - INFO - maydumpling
2026-08-12 00:21:33,938 - INFO - 245
2026-08-12 00:21:34,165 - INFO - (False, '[GAME NOT FOUND]')
2026-08-12 00:21:34,165 - INFO - lv1_duck
2026-08-12 00:21:34,165 - INFO - 248
2026-08-12 00:21:34,571 - INFO - (False, '[GAME NOT FOUND]')
2026-08-12 00:21:34,571 - INFO - Seolsoleli
2026-08-12 00:21:34,571 - INFO - 246
2026-08-12 00:21:35,685 - INFO - (False, '[GAME NOT FOUND]')
2026-08-12 00:21:35,685 - INFO - dhen1217
2026-08-12 00:21:35,685 - INFO - 250
2026-08-12 00:21:36,301 - INFO - (False, '[GAME NOT FOUND]')
2026-08-12 00:21:36,301 - INFO - twinprincess
2026-08-12 00:21:36,301 - INFO - 241
2026-08-12 00:21:36,396 - INFO - (False, '[GAME NOT FOUND]')
2026-08-12 00:21:36,396 - INFO - milococ
2026-08-12 00:21:36,396 - INFO - 243
2026-08-12 00:21:36,415 - INFO - (False, '[GAME NOT FOUND]')
2026-08-12 00:21:36,418 - INFO - mongie54
2026-08-12 00:21:36,418 - INFO - 242
2026-08-12 00:21:36,684 - INFO - (False, '[GAME NOT FOUND]')
2026-08-12 00:21:36,684 - INFO - Shahana1224
2026-08-12 00:21:36,684 - INFO - 249
2026-08-12 00:21:36,789 - INFO - (False, '[GAME NOT FOUND]')
2026-08-12 00:21:36,789 - INFO - magnumcharger
2026-08-12 00:21:36,789 - INFO - 254
2026-08-12 00:21:37,382 - INFO - (False, '[GAME NOT FOUND]')
2026-08-12 00:21:37,382 - INFO - Gingcabugsan
2026-08-12 00:21:37,382 - INFO - 251
2026-08-12 00:21:37,755 - INFO - (False, '[This user does not exist]')
2026-08-12 00:21:37,755 - INFO - Chris_J123
2026-08-12 00:21:37,755 - INFO - 256
2026-08-12 00:21:38,144 - INFO - (False, '[GAME NOT FOUND]')
2026-08-12 00:21:38,144 - INFO - hot_ice2020
2026-08-12 00:21:38,144 - INFO - 252
2026-08-12 00:21:38,174 - INFO - (False, '[GAME NOT FOUND]')
2026-08-12 00:21:38,175 - INFO - zer0n211
2026-08-12 00:21:38,175 - INFO - 255
2026-08-12 00:21:38,398 - INFO - (False, '[GAME NOT FOUND]')
2026-08-12 00:21:38,399 - INFO - MAKSCRAPE
2026-08-12 00:21:38,412 - INFO - 253
2026-08-12 00:21:38,888 - INFO - (False, '[GAME NOT FOUND]')
2026-08-12 00:21:38,888 - INFO - juliusaniag
2026-08-12 00:21:38,888 - INFO - 260
2026-08-12 00:21:39,085 - INFO - (False, '[GAME NOT FOUND]')
2026-08-12 00:21:39,085 - INFO - babyking1205
2026-08-12 00:21:39,102 - INFO - 258
2026-08-12 00:21:39,266 - INFO - (False, '[GAME NOT FOUND]')
2026-08-12 00:21:39,266 - INFO - AmateurLan
2026-08-12 00:21:39,266 - INFO - 257
2026-08-12 00:21:39,469 - INFO - (False, '[GAME NOT FOUND]')
2026-08-12 00:21:39,469 - INFO - BaresJobar
2026-08-12 00:21:39,469 - INFO - 259
2026-08-12 00:21:40,112 - INFO - (False, '[GAME NOT FOUND]')
2026-08-12 00:21:40,112 - INFO - solstice_21
2026-08-12 00:21:40,112 - INFO - 262
2026-08-12 00:21:40,193 - INFO - (False, '[GAME NOT FOUND]')
2026-08-12 00:21:40,194 - INFO - ireignlife
2026-08-12 00:21:40,194 - INFO - 263
2026-08-12 00:21:40,396 - INFO - (False, '[GAME NOT FOUND]')
2026-08-12 00:21:40,396 - INFO - cRaZy_nOoB051322
2026-08-12 00:21:40,396 - INFO - 261
2026-08-12 00:21:41,483 - INFO - (False, '[This user does not exist]')
2026-08-12 00:21:41,483 - INFO - GhostlyZeal4820
2026-08-12 00:21:41,483 - INFO - 269
2026-08-12 00:21:42,362 - INFO - (False, '[GAME NOT FOUND]')
2026-08-12 00:21:42,362 - INFO - JamesGulaman
2026-08-12 00:21:42,362 - INFO - 268
2026-08-12 00:21:43,078 - INFO - (False, '[GAME NOT FOUND]')
2026-08-12 00:21:43,078 - INFO - dakutyan
2026-08-12 00:21:43,078 - INFO - 264
2026-08-12 00:21:43,078 - INFO - (False, '[GAME NOT FOUND]')
2026-08-12 00:21:43,078 - INFO - retributional
2026-08-12 00:21:43,078 - INFO - 271
2026-08-12 00:21:43,501 - INFO - (False, '[GAME NOT FOUND]')
2026-08-12 00:21:43,501 - INFO - trrsrldoop
2026-08-12 00:21:43,501 - INFO - 272
2026-08-12 00:21:44,717 - INFO - (False, '[GAME NOT FOUND]')
2026-08-12 00:21:44,717 - INFO - d4MasterPaul
2026-08-12 00:21:44,718 - INFO - 267
2026-08-12 00:21:44,793 - INFO - (False, '[GAME NOT FOUND]')
2026-08-12 00:21:44,794 - INFO - terynova
2026-08-12 00:21:44,794 - INFO - 265
2026-08-12 00:21:44,794 - INFO - (False, '[GAME NOT FOUND]')
2026-08-12 00:21:44,794 - INFO - Inspired_Pawn
2026-08-12 00:21:44,794 - INFO - 266
2026-08-12 00:21:44,964 - INFO - (False, '[GAME NOT FOUND]')
2026-08-12 00:21:44,965 - INFO - Marching-mark
2026-08-12 00:21:44,965 - INFO - 273
2026-08-12 00:21:45,912 - INFO - (False, '[GAME NOT FOUND]')
2026-08-12 00:21:45,913 - INFO - UsernameIsNotYetTaken
2026-08-12 00:21:45,913 - INFO - 274
2026-08-12 00:21:46,644 - INFO - (False, '[GAME NOT FOUND]')
2026-08-12 00:21:46,645 - INFO - agulistik
2026-08-12 00:21:46,645 - INFO - 278
2026-08-12 00:21:46,659 - INFO - (False, '[GAME NOT FOUND]')
2026-08-12 00:21:46,660 - INFO - BetterthanthePast17
2026-08-12 00:21:46,660 - INFO - 276
2026-08-12 00:21:46,665 - INFO - (False, '[GAME NOT FOUND]')
2026-08-12 00:21:46,665 - INFO - IvanCIT-U
2026-08-12 00:21:46,665 - INFO - 275
2026-08-12 00:21:46,792 - INFO - (True, 'https://www.chess.com/game/live/172633334396')
2026-08-12 00:21:46,792 - INFO - hevocity
2026-08-12 00:21:46,792 - INFO - 281
2026-08-12 00:21:46,792 - INFO - hevocity
2026-08-12 00:21:46,792 - INFO - https://www.chess.com/game/live/172633334396
2026-08-12 00:24:03,830 - INFO - (False, '[GAME NOT FOUND]')
2026-08-12 00:24:03,830 - INFO - Azi_lea
2026-08-12 00:24:03,830 - INFO - 5
2026-08-12 00:24:04,438 - INFO - (False, '[GAME NOT FOUND]')
2026-08-12 00:24:04,438 - INFO - Damian_Fabian_1961
2026-08-12 00:24:04,438 - INFO - 8
2026-08-12 00:24:04,442 - INFO - (False, '[GAME NOT FOUND]')
2026-08-12 00:24:04,442 - INFO - ISAT_U_CEA_CHESS
2026-08-12 00:24:04,442 - INFO - 9
2026-08-12 00:24:06,738 - INFO - (False, '[GAME NOT FOUND]')
2026-08-12 00:24:06,738 - INFO - dangaranjoenneil
2026-08-12 00:24:06,738 - INFO - 2
2026-08-12 00:24:06,794 - INFO - (False, '[GAME NOT FOUND]')
2026-08-12 00:24:06,795 - INFO - DonTyroneDelosSantos_PCAP
2026-08-12 00:24:06,795 - INFO - 6
2026-08-12 00:24:07,137 - INFO - (False, '[GAME NOT FOUND]')
2026-08-12 00:24:07,138 - INFO - shanedownonit
2026-08-12 00:24:07,138 - INFO - 1
2026-08-12 00:24:07,630 - INFO - (False, '[GAME NOT FOUND]')
2026-08-12 00:24:07,630 - INFO - blackwhitegreenboard
2026-08-12 00:24:07,630 - INFO - 3
2026-08-12 00:24:08,472 - INFO - (False, '[GAME NOT FOUND]')
2026-08-12 00:24:08,472 - INFO - royroyx
2026-08-12 00:24:08,472 - INFO - 0
2026-08-12 00:24:08,577 - INFO - (False, '[GAME NOT FOUND]')
2026-08-12 00:24:08,577 - INFO - Cowboyhunter36
2026-08-12 00:24:08,577 - INFO - 7
2026-08-12 00:24:08,905 - INFO - (False, '[GAME NOT FOUND]')
2026-08-12 00:24:08,905 - INFO - redz_2003
2026-08-12 00:24:08,905 - INFO - 13
2026-08-12 00:24:09,028 - INFO - (False, '[GAME NOT FOUND]')
2026-08-12 00:24:09,028 - INFO - jaeeooooooooooooooooo
2026-08-12 00:24:09,028 - INFO - 11
2026-08-12 00:24:09,332 - INFO - (False, '[GAME NOT FOUND]')
2026-08-12 00:24:09,335 - INFO - KENMAURICE
2026-08-12 00:24:09,335 - INFO - 10
2026-08-12 00:24:09,408 - INFO - (False, '[GAME NOT FOUND]')
2026-08-12 00:24:09,408 - INFO - agta1
2026-08-12 00:24:09,408 - INFO - 12
2026-08-12 00:24:09,434 - INFO - (False, '[GAME NOT FOUND]')
2026-08-12 00:24:09,434 - INFO - Shikiouji
2026-08-12 00:24:09,434 - INFO - 14
2026-08-12 00:24:09,702 - INFO - (False, '[GAME NOT FOUND]')
2026-08-12 00:24:09,702 - INFO - QJMM
2026-08-12 00:24:09,702 - INFO - 15
2026-08-12 00:24:10,055 - INFO - (False, '[GAME NOT FOUND]')
2026-08-12 00:24:10,056 - INFO - elorta_david
2026-08-12 00:24:10,056 - INFO - 18
2026-08-12 00:24:10,127 - INFO - (False, '[GAME NOT FOUND]')
2026-08-12 00:24:10,127 - INFO - T0B3RMOR3Y
2026-08-12 00:24:10,127 - INFO - 16
2026-08-12 00:24:11,262 - INFO - (False, '[GAME NOT FOUND]')
2026-08-12 00:24:11,262 - INFO - jigalipap
2026-08-12 00:24:11,262 - INFO - 17
2026-08-12 00:24:11,826 - INFO - (False, '[GAME NOT FOUND]')
2026-08-12 00:24:11,826 - INFO - rikimaru101
2026-08-12 00:24:11,826 - INFO - 20
2026-08-12 00:24:12,020 - INFO - (False, '[GAME NOT FOUND]')
2026-08-12 00:24:12,020 - INFO - daudau08
2026-08-12 00:24:12,020 - INFO - 21
2026-08-12 00:24:12,295 - INFO - (False, '[GAME NOT FOUND]')
2026-08-12 00:24:12,295 - INFO - GM_NinoEstores
2026-08-12 00:24:12,295 - INFO - 22
2026-08-12 00:24:12,823 - INFO - (False, '[GAME NOT FOUND]')
2026-08-12 00:24:12,823 - INFO - Lowell3000
2026-08-12 00:24:12,823 - INFO - 23
2026-08-12 00:24:18,212 - INFO - (False, '[GAME NOT FOUND]')
2026-08-12 00:24:18,212 - INFO - HansTheImmortal
2026-08-12 00:24:18,212 - INFO - 25
2026-08-12 00:24:19,258 - INFO - (False, '[GAME NOT FOUND]')
2026-08-12 00:24:19,258 - INFO - Reyabs_2026
2026-08-12 00:24:19,259 - INFO - 27
2026-08-12 00:24:19,279 - INFO - (False, '[GAME NOT FOUND]')
2026-08-12 00:24:19,279 - INFO - AninaoChess081013
2026-08-12 00:24:19,279 - INFO - 24
2026-08-12 00:24:19,641 - INFO - (False, '[GAME NOT FOUND]')
2026-08-12 00:24:19,641 - INFO - Jacob_Sta_ana
2026-08-12 00:24:19,641 - INFO - 29
2026-08-12 00:24:21,403 - INFO - (False, '[GAME NOT FOUND]')
2026-08-12 00:24:21,404 - INFO - D0mM_m
2026-08-12 00:24:21,404 - INFO - 31
2026-08-12 00:24:21,418 - INFO - (False, '[GAME NOT FOUND]')
2026-08-12 00:24:21,418 - INFO - christianjacob1
2026-08-12 00:24:21,418 - INFO - 26
2026-08-12 00:24:21,418 - INFO - (False, '[GAME NOT FOUND]')
2026-08-12 00:24:21,418 - INFO - zyvvz
2026-08-12 00:24:21,419 - INFO - 33
2026-08-12 00:24:21,739 - INFO - (False, '[GAME NOT FOUND]')
2026-08-12 00:24:21,739 - INFO - Eywonnn
2026-08-12 00:24:21,739 - INFO - 34
2026-08-12 00:24:23,580 - INFO - (False, '[GAME NOT FOUND]')
2026-08-12 00:24:23,580 - INFO - clarkallen123
2026-08-12 00:24:23,580 - INFO - 38
2026-08-12 00:24:23,885 - INFO - (False, '[GAME NOT FOUND]')
2026-08-12 00:24:23,885 - INFO - messyrobot
2026-08-12 00:24:23,885 - INFO - 37
2026-08-12 00:24:30,159 - INFO - (False, '[GAME NOT FOUND]')
2026-08-12 00:24:30,159 - INFO - Timepressure1999
2026-08-12 00:24:30,159 - INFO - 35
2026-08-12 00:24:30,162 - INFO - (False, '[GAME NOT FOUND]')
2026-08-12 00:24:30,162 - INFO - Cynikks
2026-08-12 00:24:30,162 - INFO - 39
2026-08-12 00:24:32,179 - INFO - (False, '[GAME NOT FOUND]')
2026-08-12 00:24:32,180 - INFO - dantejo22
2026-08-12 00:24:32,180 - INFO - 19
2026-08-12 00:24:32,258 - INFO - (False, '[GAME NOT FOUND]')
2026-08-12 00:24:32,258 - INFO - darvinsanpedro
2026-08-12 00:24:32,258 - INFO - 42
2026-08-12 00:24:32,933 - WARNING - Retrying (Retry(total=2, connect=None, read=None, redirect=None, status=None)) after connection broken by 'ReadTimeoutError("HTTPSConnectionPool(host='api.chess.com', port=443): Read timed out. (read timeout=30)")': /pub/player/jamesgulaman/games/2026/08
2026-08-12 00:24:34,453 - INFO - (False, '[GAME NOT FOUND]')
2026-08-12 00:24:34,453 - INFO - JamesGulaman
2026-08-12 00:24:34,453 - INFO - 4
2026-08-12 00:24:35,620 - INFO - (False, '[GAME NOT FOUND]')
2026-08-12 00:24:35,620 - INFO - Genghis_Imperial
2026-08-12 00:24:35,620 - INFO - 28
2026-08-12 00:24:35,714 - INFO - (False, '[GAME NOT FOUND]')
2026-08-12 00:24:35,714 - INFO - Attack_delivery
2026-08-12 00:24:35,714 - INFO - 40
2026-08-12 00:24:36,505 - INFO - (False, '[GAME NOT FOUND]')
2026-08-12 00:24:36,505 - INFO - Cantilado_renan
2026-08-12 00:24:36,505 - INFO - 45
2026-08-12 00:24:37,290 - INFO - (False, '[GAME NOT FOUND]')
2026-08-12 00:24:37,290 - INFO - masterlinar
2026-08-12 00:24:37,290 - INFO - 44
2026-08-12 00:24:37,699 - INFO - (False, '[GAME NOT FOUND]')
2026-08-12 00:24:37,699 - INFO - masterfreestyle
2026-08-12 00:24:37,699 - INFO - 43
2026-08-12 00:24:39,070 - INFO - (False, '[GAME NOT FOUND]')
2026-08-12 00:24:39,071 - INFO - zodyl_joestar
2026-08-12 00:24:39,071 - INFO - 41
2026-08-12 00:24:42,989 - INFO - (False, '[GAME NOT FOUND]')
2026-08-12 00:24:42,989 - INFO - idk171716
2026-08-12 00:24:42,989 - INFO - 47
2026-08-12 00:24:52,462 - INFO - (False, '[GAME NOT FOUND]')
2026-08-12 00:24:52,462 - INFO - Markbryanmanrique
2026-08-12 00:24:52,462 - INFO - 30
2026-08-12 00:24:53,031 - WARNING - Retrying (Retry(total=2, connect=None, read=None, redirect=None, status=None)) after connection broken by 'ReadTimeoutError("HTTPSConnectionPool(host='api.chess.com', port=443): Read timed out. (read timeout=30)")': /pub/player/baguhan_30/games/archives
2026-08-12 00:24:58,121 - INFO - (False, '[GAME NOT FOUND]')
2026-08-12 00:24:58,121 - INFO - Jevie101
2026-08-12 00:24:58,121 - INFO - 48
2026-08-12 00:24:59,198 - INFO - (False, '[GAME NOT FOUND]')
2026-08-12 00:24:59,199 - INFO - Giatay2225
2026-08-12 00:24:59,199 - INFO - 46
2026-08-12 00:25:08,746 - WARNING - Retrying (Retry(total=1, connect=None, read=None, redirect=None, status=None)) after connection broken by 'ConnectionResetError(10054, 'An existing connection was forcibly closed by the remote host', None, 10054, None)': /pub/player/baguhan_30/games/archives
2026-08-12 00:25:09,505 - INFO - (False, '[GAME NOT FOUND]')
2026-08-12 00:25:09,505 - INFO - chessmasterbot1983
2026-08-12 00:25:09,505 - INFO - 50
2026-08-12 00:25:10,001 - WARNING - Retrying (Retry(total=2, connect=None, read=None, redirect=None, status=None)) after connection broken by 'ReadTimeoutError("HTTPSConnectionPool(host='api.chess.com', port=443): Read timed out. (read timeout=30)")': /pub/player/gio_tapel01/games/archives
2026-08-12 00:25:10,973 - INFO - (False, '[This user does not exist]')
2026-08-12 00:25:10,973 - INFO - jims_777
2026-08-12 00:25:10,973 - INFO - 57
2026-08-12 00:25:11,154 - INFO - (False, '[GAME NOT FOUND]')
2026-08-12 00:25:11,154 - INFO - zer0n211
2026-08-12 00:25:11,154 - INFO - 55
2026-08-12 00:25:12,391 - INFO - (False, '[GAME NOT FOUND]')
2026-08-12 00:25:12,391 - INFO - zutragg
2026-08-12 00:25:12,391 - INFO - 53
2026-08-12 00:25:12,509 - INFO - (False, '[GAME NOT FOUND]')
2026-08-12 00:25:12,509 - INFO - Arthur1920
2026-08-12 00:25:12,509 - INFO - 52
2026-08-12 00:25:14,581 - INFO - (False, '[GAME NOT FOUND]')
2026-08-12 00:25:14,584 - INFO - Baguhan_30
2026-08-12 00:25:14,584 - INFO - 32
2026-08-12 00:25:16,014 - INFO - (False, '[GAME NOT FOUND]')
2026-08-12 00:25:16,014 - INFO - dakutyan
2026-08-12 00:25:16,015 - INFO - 54
2026-08-12 00:25:16,758 - INFO - (False, '[GAME NOT FOUND]')
2026-08-12 00:25:16,758 - INFO - 67_still_Tought
2026-08-12 00:25:16,758 - INFO - 51
2026-08-12 00:25:16,768 - INFO - (False, '[GAME NOT FOUND]')
2026-08-12 00:25:16,768 - INFO - Drew1722
2026-08-12 00:25:16,768 - INFO - 36
2026-08-12 00:25:16,770 - INFO - (False, '[GAME NOT FOUND]')
2026-08-12 00:25:16,770 - INFO - UEPACZ
2026-08-12 00:25:16,770 - INFO - 60
2026-08-12 00:25:19,112 - INFO - (False, '[GAME NOT FOUND]')
2026-08-12 00:25:19,112 - INFO - EllyRamirez
2026-08-12 00:25:19,112 - INFO - 58
2026-08-12 00:25:19,369 - INFO - (False, '[GAME NOT FOUND]')
2026-08-12 00:25:19,369 - INFO - Gio_tapel01
2026-08-12 00:25:19,369 - INFO - 49
2026-08-12 00:25:19,752 - INFO - (False, '[GAME NOT FOUND]')
2026-08-12 00:25:19,752 - INFO - aaron0228
2026-08-12 00:25:19,752 - INFO - 62
2026-08-12 00:25:20,322 - INFO - (False, '[GAME NOT FOUND]')
2026-08-12 00:25:20,334 - INFO - steve-alegre
2026-08-12 00:25:20,334 - INFO - 63
2026-08-12 00:25:20,902 - INFO - (False, '[GAME NOT FOUND]')
2026-08-12 00:25:20,902 - INFO - AlbertYu6
2026-08-12 00:25:20,902 - INFO - 59
2026-08-12 00:25:20,905 - INFO - (False, '[GAME NOT FOUND]')
2026-08-12 00:25:20,905 - INFO - KJLAU0603
2026-08-12 00:25:20,905 - INFO - 66
2026-08-12 00:25:22,405 - INFO - (False, '[GAME NOT FOUND]')
2026-08-12 00:25:22,406 - INFO - TUNGTUNGSAHURRRRR
2026-08-12 00:25:22,406 - INFO - 67
2026-08-12 00:25:24,252 - INFO - (False, '[GAME NOT FOUND]')
2026-08-12 00:25:24,252 - INFO - minso10
2026-08-12 00:25:24,252 - INFO - 72
2026-08-12 00:25:24,886 - INFO - (False, '[GAME NOT FOUND]')
2026-08-12 00:25:24,886 - INFO - cramp101
2026-08-12 00:25:24,886 - INFO - 69
2026-08-12 00:25:24,938 - INFO - (False, '[GAME NOT FOUND]')
2026-08-12 00:25:24,938 - INFO - Kulatlat
2026-08-12 00:25:24,938 - INFO - 64
2026-08-12 00:25:24,939 - INFO - (False, '[GAME NOT FOUND]')
2026-08-12 00:25:24,939 - INFO - Reisler_19
2026-08-12 00:25:24,939 - INFO - 71
2026-08-12 00:25:25,706 - INFO - (False, '[GAME NOT FOUND]')
2026-08-12 00:25:25,706 - INFO - Domeng446
2026-08-12 00:25:25,706 - INFO - 56
2026-08-12 00:25:26,872 - INFO - (False, '[GAME NOT FOUND]')
2026-08-12 00:25:26,872 - INFO - Marco0627
2026-08-12 00:25:26,872 - INFO - 68
2026-08-12 00:25:26,987 - INFO - (False, '[GAME NOT FOUND]')
2026-08-12 00:25:26,987 - INFO - kurogkurog
2026-08-12 00:25:26,987 - INFO - 65
2026-08-12 00:25:27,049 - INFO - (False, '[GAME NOT FOUND]')
2026-08-12 00:25:27,049 - INFO - aimvon
2026-08-12 00:25:27,049 - INFO - 75
2026-08-12 00:25:27,320 - INFO - (False, '[GAME NOT FOUND]')
2026-08-12 00:25:27,321 - INFO - LIM_xianxikell
2026-08-12 00:25:27,321 - INFO - 76
2026-08-12 00:25:27,397 - INFO - (False, '[GAME NOT FOUND]')
2026-08-12 00:25:27,397 - INFO - ReIgnacio
2026-08-12 00:25:27,397 - INFO - 77
2026-08-12 00:25:28,345 - INFO - (False, '[GAME NOT FOUND]')
2026-08-12 00:25:28,348 - INFO - Rr-ar
2026-08-12 00:25:28,348 - INFO - 74
2026-08-12 00:25:28,677 - INFO - (False, '[GAME NOT FOUND]')
2026-08-12 00:25:28,677 - INFO - superjem123
2026-08-12 00:25:28,677 - INFO - 78
2026-08-12 00:25:33,280 - INFO - (False, '[GAME NOT FOUND]')
2026-08-12 00:25:33,280 - INFO - CoachWardaddy
2026-08-12 00:25:33,280 - INFO - 79
2026-08-12 00:25:33,464 - INFO - (False, '[GAME NOT FOUND]')
2026-08-12 00:25:33,464 - INFO - JaredndRama25
2026-08-12 00:25:33,464 - INFO - 81
2026-08-12 00:25:36,344 - INFO - (False, '[GAME NOT FOUND]')
2026-08-12 00:25:36,344 - INFO - TheGhostSamurai
2026-08-12 00:25:36,344 - INFO - 84
2026-08-12 00:25:43,652 - INFO - (False, '[GAME NOT FOUND]')
2026-08-12 00:25:43,652 - INFO - bluecooler
2026-08-12 00:25:43,652 - INFO - 87
2026-08-12 00:25:44,312 - INFO - (False, '[GAME NOT FOUND]')
2026-08-12 00:25:44,312 - INFO - unli213tv
2026-08-12 00:25:44,312 - INFO - 82
2026-08-12 00:25:44,316 - INFO - (False, '[GAME NOT FOUND]')
2026-08-12 00:25:44,316 - INFO - DonMharky
2026-08-12 00:25:44,316 - INFO - 80
2026-08-12 00:25:44,610 - INFO - (False, '[GAME NOT FOUND]')
2026-08-12 00:25:44,610 - INFO - RoadTitledPlayer
2026-08-12 00:25:44,610 - INFO - 83
2026-08-12 00:25:46,877 - INFO - (False, '[GAME NOT FOUND]')
2026-08-12 00:25:46,877 - INFO - Lazardous_2
2026-08-12 00:25:46,877 - INFO - 88
2026-08-12 00:25:46,903 - INFO - (False, '[GAME NOT FOUND]')
2026-08-12 00:25:46,903 - INFO - FOchoco16
2026-08-12 00:25:46,903 - INFO - 90
2026-08-12 00:25:47,560 - INFO - (False, '[GAME NOT FOUND]')
2026-08-12 00:25:47,560 - INFO - laurie45
2026-08-12 00:25:47,560 - INFO - 89
2026-08-12 00:25:47,744 - INFO - (False, '[GAME NOT FOUND]')
2026-08-12 00:25:47,744 - INFO - JCriste
2026-08-12 00:25:47,744 - INFO - 85
2026-08-12 00:25:48,272 - INFO - (False, '[GAME NOT FOUND]')
2026-08-12 00:25:48,273 - INFO - noirb15
2026-08-12 00:25:48,276 - INFO - 86
2026-08-12 00:25:48,469 - INFO - (False, '[GAME NOT FOUND]')
2026-08-12 00:25:48,470 - INFO - Gerald-Sulit
2026-08-12 00:25:48,470 - INFO - 61
2026-08-12 00:25:48,488 - INFO - (False, '[GAME NOT FOUND]')
2026-08-12 00:25:48,488 - INFO - Francis-Dave
2026-08-12 00:25:48,488 - INFO - 92
2026-08-12 00:25:50,311 - INFO - (False, '[GAME NOT FOUND]')
2026-08-12 00:25:50,311 - INFO - Kingpakz07
2026-08-12 00:25:50,311 - INFO - 73
2026-08-12 00:25:50,323 - INFO - (False, '[GAME NOT FOUND]')
2026-08-12 00:25:50,323 - INFO - orcio
2026-08-12 00:25:50,323 - INFO - 91
2026-08-12 00:25:50,371 - INFO - (False, '[GAME NOT FOUND]')
2026-08-12 00:25:50,371 - INFO - jacutinamarcus
2026-08-12 00:25:50,371 - INFO - 95
2026-08-12 00:25:50,591 - INFO - (False, '[GAME NOT FOUND]')
2026-08-12 00:25:50,591 - INFO - hadogken0000
2026-08-12 00:25:50,591 - INFO - 99
2026-08-12 00:25:50,944 - INFO - (False, '[GAME NOT FOUND]')
2026-08-12 00:25:50,944 - INFO - dnomyarnawk
2026-08-12 00:25:50,945 - INFO - 97
2026-08-12 00:25:53,697 - INFO - (False, '[GAME NOT FOUND]')
2026-08-12 00:25:53,698 - INFO - dennisTV
2026-08-12 00:25:53,698 - INFO - 96
2026-08-12 00:25:53,800 - INFO - (False, '[GAME NOT FOUND]')
2026-08-12 00:25:53,800 - INFO - Pinksheep699707
2026-08-12 00:25:53,800 - INFO - 94
2026-08-12 00:25:55,908 - INFO - (False, '[GAME NOT FOUND]')
2026-08-12 00:25:55,908 - INFO - theprinceofbogegong
2026-08-12 00:25:55,908 - INFO - 70
2026-08-12 00:25:56,353 - INFO - (False, '[GAME NOT FOUND]')
2026-08-12 00:25:56,353 - INFO - Robert1612345
2026-08-12 00:25:56,353 - INFO - 100
2026-08-12 00:25:56,356 - INFO - (False, '[GAME NOT FOUND]')
2026-08-12 00:25:56,356 - INFO - kaijanchess
2026-08-12 00:25:56,356 - INFO - 104
2026-08-12 00:26:19,829 - INFO - (False, '[GAME NOT FOUND]')
2026-08-12 00:26:19,829 - INFO - thamzak
2026-08-12 00:26:19,829 - INFO - 107
2026-08-12 00:26:20,672 - INFO - (False, '[GAME NOT FOUND]')
2026-08-12 00:26:20,672 - INFO - cadeogrito235
2026-08-12 00:26:20,672 - INFO - 102
2026-08-12 00:26:22,221 - INFO - (False, '[GAME NOT FOUND]')
2026-08-12 00:26:22,221 - INFO - EarlGamingYTchannel
2026-08-12 00:26:22,221 - INFO - 110
2026-08-12 00:26:22,911 - WARNING - Retrying (Retry(total=2, connect=None, read=None, redirect=None, status=None)) after connection broken by 'ConnectionResetError(10054, 'An existing connection was forcibly closed by the remote host', None, 10054, None)': /pub/player/Malsook-Kim-Demon-Lord/games/archives
2026-08-12 00:26:22,937 - INFO - (False, '[GAME NOT FOUND]')
2026-08-12 00:26:22,937 - INFO - NightWarlord
2026-08-12 00:26:22,937 - INFO - 111
2026-08-12 00:26:25,235 - WARNING - Retrying (Retry(total=2, connect=None, read=None, redirect=None, status=None)) after connection broken by 'ReadTimeoutError("HTTPSConnectionPool(host='api.chess.com', port=443): Read timed out. (read timeout=30)")': /pub/player/woodlandhills/games/2026/07
2026-08-12 00:26:26,315 - WARNING - Retrying (Retry(total=2, connect=None, read=None, redirect=None, status=None)) after connection broken by 'ReadTimeoutError("HTTPSConnectionPool(host='api.chess.com', port=443): Read timed out. (read timeout=30)")': /pub/player/xirshi/games/2026/08
2026-08-12 00:26:26,428 - INFO - (False, '[GAME NOT FOUND]')
2026-08-12 00:26:26,428 - INFO - LdnByEm
2026-08-12 00:26:26,428 - INFO - 113
2026-08-12 00:26:26,658 - WARNING - Retrying (Retry(total=2, connect=None, read=None, redirect=None, status=None)) after connection broken by 'ReadTimeoutError("HTTPSConnectionPool(host='api.chess.com', port=443): Read timed out. (read timeout=30)")': /pub/player/Greggg_28/games/archives
2026-08-12 00:26:34,635 - INFO - (False, '[GAME NOT FOUND]')
2026-08-12 00:26:34,635 - INFO - yapov74
2026-08-12 00:26:34,635 - INFO - 112
2026-08-12 00:26:34,816 - INFO - (False, '[GAME NOT FOUND]')
2026-08-12 00:26:34,816 - INFO - Malsook-Kim-Demon-Lord
2026-08-12 00:26:34,817 - INFO - 109
2026-08-12 00:26:35,268 - WARNING - Retrying (Retry(total=1, connect=None, read=None, redirect=None, status=None)) after connection broken by 'ConnectionResetError(10054, 'An existing connection was forcibly closed by the remote host', None, 10054, None)': /pub/player/woodlandhills/games/2026/07
2026-08-12 00:26:37,181 - INFO - (False, '[GAME NOT FOUND]')
2026-08-12 00:26:37,182 - INFO - karuma81
2026-08-12 00:26:37,182 - INFO - 98
2026-08-12 00:26:37,193 - INFO - (False, '[GAME NOT FOUND]')
2026-08-12 00:26:37,193 - INFO - Greggg_28
2026-08-12 00:26:37,193 - INFO - 108
2026-08-12 00:26:40,394 - INFO - (False, '[GAME NOT FOUND]')
2026-08-12 00:26:40,394 - INFO - Xirshi
2026-08-12 00:26:40,394 - INFO - 105
2026-08-12 00:26:41,615 - INFO - (False, '[GAME NOT FOUND]')
2026-08-12 00:26:41,615 - INFO - cRaZy_nOoB051322
2026-08-12 00:26:41,615 - INFO - 114
2026-08-12 00:26:42,347 - INFO - (False, '[GAME NOT FOUND]')
2026-08-12 00:26:42,347 - INFO - madmax2032
2026-08-12 00:26:42,347 - INFO - 93
2026-08-12 00:26:43,674 - INFO - (False, '[GAME NOT FOUND]')
2026-08-12 00:26:43,674 - INFO - AIM_Bankmaster
2026-08-12 00:26:43,674 - INFO - 115
2026-08-12 00:26:44,244 - INFO - (False, '[GAME NOT FOUND]')
2026-08-12 00:26:44,244 - INFO - rubenalegre6
2026-08-12 00:26:44,244 - INFO - 103
2026-08-12 00:26:46,226 - INFO - (False, '[GAME NOT FOUND]')
2026-08-12 00:26:46,226 - INFO - woodlandhills
2026-08-12 00:26:46,226 - INFO - 106
2026-08-12 00:26:46,228 - INFO - (False, '[GAME NOT FOUND]')
2026-08-12 00:26:46,229 - INFO - Coach_Eman
2026-08-12 00:26:46,229 - INFO - 116
2026-08-12 00:26:46,562 - INFO - (False, '[GAME NOT FOUND]')
2026-08-12 00:26:46,562 - INFO - astig_02
2026-08-12 00:26:46,562 - INFO - 118
2026-08-12 00:26:46,744 - INFO - (False, '[GAME NOT FOUND]')
2026-08-12 00:26:46,746 - INFO - BaiTats
2026-08-12 00:26:46,746 - INFO - 117
2026-08-12 00:26:46,767 - INFO - (False, '[GAME NOT FOUND]')
2026-08-12 00:26:46,767 - INFO - ronald_fabrid
2026-08-12 00:26:46,767 - INFO - 119
2026-08-12 00:26:46,788 - INFO - (False, '[GAME NOT FOUND]')
2026-08-12 00:26:46,788 - INFO - yxonia
2026-08-12 00:26:46,788 - INFO - 120
2026-08-12 00:26:47,630 - INFO - (False, '[GAME NOT FOUND]')
2026-08-12 00:26:47,630 - INFO - Paulmorphy100
2026-08-12 00:26:47,630 - INFO - 122
2026-08-12 00:26:49,055 - INFO - (False, '[GAME NOT FOUND]')
2026-08-12 00:26:49,055 - INFO - OSNOLA05
2026-08-12 00:26:49,055 - INFO - 129
2026-08-12 00:26:49,106 - INFO - (False, '[GAME NOT FOUND]')
2026-08-12 00:26:49,106 - INFO - ThinLateCatapult
2026-08-12 00:26:49,106 - INFO - 124
2026-08-12 00:26:49,538 - INFO - (False, '[GAME NOT FOUND]')
2026-08-12 00:26:49,538 - INFO - mrtoughsid
2026-08-12 00:26:49,538 - INFO - 126
2026-08-12 00:26:49,570 - INFO - (False, '[GAME NOT FOUND]')
2026-08-12 00:26:49,570 - INFO - Rald0603
2026-08-12 00:26:49,570 - INFO - 130
2026-08-12 00:26:50,724 - INFO - (False, '[GAME NOT FOUND]')
2026-08-12 00:26:50,724 - INFO - Talscher_06
2026-08-12 00:26:50,724 - INFO - 125
2026-08-12 00:26:51,132 - INFO - (False, '[GAME NOT FOUND]')
2026-08-12 00:26:51,132 - INFO - SBBascon12
2026-08-12 00:26:51,132 - INFO - 127
2026-08-12 00:26:51,165 - INFO - (False, '[GAME NOT FOUND]')
2026-08-12 00:26:51,165 - INFO - HarryandMony
2026-08-12 00:26:51,165 - INFO - 132
2026-08-12 00:26:51,783 - INFO - (False, '[GAME NOT FOUND]')
2026-08-12 00:26:51,783 - INFO - Vonfire1014
2026-08-12 00:26:51,783 - INFO - 128
2026-08-12 00:26:51,816 - INFO - (False, '[GAME NOT FOUND]')
2026-08-12 00:26:51,816 - INFO - Ako_Si_Jarfinel
2026-08-12 00:26:51,816 - INFO - 134
2026-08-12 00:26:52,089 - INFO - (False, '[GAME NOT FOUND]')
2026-08-12 00:26:52,089 - INFO - RookJas0n
2026-08-12 00:26:52,089 - INFO - 133
2026-08-12 00:26:53,117 - INFO - (False, '[GAME NOT FOUND]')
2026-08-12 00:26:53,117 - INFO - AceCliffordDavid
2026-08-12 00:26:53,117 - INFO - 135
2026-08-12 00:26:53,215 - INFO - (False, '[GAME NOT FOUND]')
2026-08-12 00:26:53,216 - INFO - Rai_Buu
2026-08-12 00:26:53,216 - INFO - 137
2026-08-12 00:26:53,686 - INFO - (False, '[GAME NOT FOUND]')
2026-08-12 00:26:53,686 - INFO - darkblood66
2026-08-12 00:26:53,686 - INFO - 138
2026-08-12 00:26:54,111 - INFO - (False, '[GAME NOT FOUND]')
2026-08-12 00:26:54,112 - INFO - u010222
2026-08-12 00:26:54,112 - INFO - 139
2026-08-12 00:26:54,158 - INFO - (False, '[GAME NOT FOUND]')
2026-08-12 00:26:54,158 - INFO - imnewverynew
2026-08-12 00:26:54,158 - INFO - 140
2026-08-12 00:26:55,997 - INFO - (False, '[GAME NOT FOUND]')
2026-08-12 00:26:55,997 - INFO - Jedimastermatthew
2026-08-12 00:26:55,997 - INFO - 143
2026-08-12 00:26:56,434 - INFO - (False, '[GAME NOT FOUND]')
2026-08-12 00:26:56,434 - INFO - Koda_xx
2026-08-12 00:26:56,434 - INFO - 136
2026-08-12 00:26:56,687 - INFO - (False, '[GAME NOT FOUND]')
2026-08-12 00:26:56,687 - INFO - sai_amp
2026-08-12 00:26:56,687 - INFO - 144
2026-08-12 00:26:56,829 - WARNING - Retrying (Retry(total=2, connect=None, read=None, redirect=None, status=None)) after connection broken by 'ReadTimeoutError("HTTPSConnectionPool(host='api.chess.com', port=443): Read timed out. (read timeout=30)")': /pub/player/ireignlife/games/2026/08
2026-08-12 00:26:57,497 - INFO - (False, '[GAME NOT FOUND]')
2026-08-12 00:26:57,498 - INFO - mjbacojo
2026-08-12 00:26:57,498 - INFO - 141
2026-08-12 00:26:57,584 - INFO - (False, '[GAME NOT FOUND]')
2026-08-12 00:26:57,584 - INFO - hoho123hi
2026-08-12 00:26:57,584 - INFO - 123
2026-08-12 00:26:58,087 - INFO - (False, '[GAME NOT FOUND]')
2026-08-12 00:26:58,087 - INFO - Taiji_Chess22
2026-08-12 00:26:58,087 - INFO - 131
2026-08-12 00:26:58,175 - INFO - (False, '[GAME NOT FOUND]')
2026-08-12 00:26:58,175 - INFO - only-human12
2026-08-12 00:26:58,175 - INFO - 142
2026-08-12 00:26:59,163 - INFO - (False, '[GAME NOT FOUND]')
2026-08-12 00:26:59,163 - INFO - TristanReyesSss
2026-08-12 00:26:59,164 - INFO - 145
2026-08-12 00:26:59,461 - INFO - (False, '[GAME NOT FOUND]')
2026-08-12 00:26:59,461 - INFO - ireignlife
2026-08-12 00:26:59,461 - INFO - 101
2026-08-12 00:26:59,812 - INFO - (False, '[GAME NOT FOUND]')
2026-08-12 00:26:59,812 - INFO - Arnel_ortiz
2026-08-12 00:26:59,812 - INFO - 147
2026-08-12 00:27:01,864 - INFO - (False, '[GAME NOT FOUND]')
2026-08-12 00:27:01,864 - INFO - jlbelano123
2026-08-12 00:27:01,864 - INFO - 148
2026-08-12 00:27:01,995 - INFO - (False, '[GAME NOT FOUND]')
2026-08-12 00:27:01,995 - INFO - Random02092009
2026-08-12 00:27:01,995 - INFO - 149
2026-08-12 00:27:03,261 - INFO - (False, '[GAME NOT FOUND]')
2026-08-12 00:27:03,261 - INFO - rod31356
2026-08-12 00:27:03,261 - INFO - 152
2026-08-12 00:27:03,555 - INFO - (False, '[GAME NOT FOUND]')
2026-08-12 00:27:03,555 - INFO - maklotus
2026-08-12 00:27:03,555 - INFO - 150
2026-08-12 00:27:03,812 - INFO - (False, '[GAME NOT FOUND]')
2026-08-12 00:27:03,812 - INFO - BetterthanthePast17
2026-08-12 00:27:03,812 - INFO - 153
2026-08-12 00:27:03,983 - INFO - (False, '[GAME NOT FOUND]')
2026-08-12 00:27:03,983 - INFO - NaderaIM
2026-08-12 00:27:03,983 - INFO - 154
2026-08-12 00:27:04,864 - INFO - (False, '[GAME NOT FOUND]')
2026-08-12 00:27:04,864 - INFO - AmbitMontes
2026-08-12 00:27:04,864 - INFO - 151
2026-08-12 00:27:04,899 - INFO - (False, '[GAME NOT FOUND]')
2026-08-12 00:27:04,899 - INFO - ABjdbjasdkj
2026-08-12 00:27:04,899 - INFO - 155
2026-08-12 00:27:05,260 - INFO - (False, '[GAME NOT FOUND]')
2026-08-12 00:27:05,260 - INFO - MasterJeanmarGaming
2026-08-12 00:27:05,260 - INFO - 146
2026-08-12 00:27:05,289 - INFO - (False, '[GAME NOT FOUND]')
2026-08-12 00:27:05,289 - INFO - Rahman023
2026-08-12 00:27:05,289 - INFO - 156
2026-08-12 00:27:07,179 - INFO - (False, '[GAME NOT FOUND]')
2026-08-12 00:27:07,179 - INFO - Eric_Jr_Labog_PCAP
2026-08-12 00:27:07,179 - INFO - 163
2026-08-12 00:27:07,589 - INFO - (False, '[GAME NOT FOUND]')
2026-08-12 00:27:07,589 - INFO - Boboyax
2026-08-12 00:27:07,589 - INFO - 160
2026-08-12 00:27:07,981 - INFO - (False, '[GAME NOT FOUND]')
2026-08-12 00:27:07,981 - INFO - marcoslagbas
2026-08-12 00:27:07,981 - INFO - 164
2026-08-12 00:27:07,994 - INFO - (False, '[GAME NOT FOUND]')
2026-08-12 00:27:07,994 - INFO - Plastina2003
2026-08-12 00:27:07,994 - INFO - 165
2026-08-12 00:27:08,847 - INFO - (False, '[GAME NOT FOUND]')
2026-08-12 00:27:08,847 - INFO - Axistence1
2026-08-12 00:27:08,847 - INFO - 162
2026-08-12 00:27:09,895 - INFO - (False, '[GAME NOT FOUND]')
2026-08-12 00:27:09,895 - INFO - doytejo55
2026-08-12 00:27:09,895 - INFO - 158
2026-08-12 00:27:10,060 - INFO - (False, '[GAME NOT FOUND]')
2026-08-12 00:27:10,060 - INFO - Hachichan
2026-08-12 00:27:10,060 - INFO - 159
2026-08-12 00:27:10,257 - INFO - (False, '[GAME NOT FOUND]')
2026-08-12 00:27:10,257 - INFO - Kupal_master30
2026-08-12 00:27:10,257 - INFO - 167
2026-08-12 00:27:13,626 - INFO - (False, '[GAME NOT FOUND]')
2026-08-12 00:27:13,626 - INFO - Zorrow2224
2026-08-12 00:27:13,626 - INFO - 157
2026-08-12 00:27:13,871 - INFO - (False, '[GAME NOT FOUND]')
2026-08-12 00:27:13,871 - INFO - Wardaddy_1985
2026-08-12 00:27:13,871 - INFO - 169
2026-08-12 00:27:14,252 - INFO - (False, '[GAME NOT FOUND]')
2026-08-12 00:27:14,252 - INFO - J6767_6767_31
2026-08-12 00:27:14,253 - INFO - 166
2026-08-12 00:27:14,477 - INFO - (False, '[GAME NOT FOUND]')
2026-08-12 00:27:14,477 - INFO - CagnusMarlsen19938
2026-08-12 00:27:14,477 - INFO - 172
2026-08-12 00:27:14,477 - INFO - (False, '[GAME NOT FOUND]')
2026-08-12 00:27:14,478 - INFO - Ryuzaki_Kagami
2026-08-12 00:27:14,478 - INFO - 170
2026-08-12 00:27:15,724 - INFO - (False, '[GAME NOT FOUND]')
2026-08-12 00:27:15,724 - INFO - LJ_0427
2026-08-12 00:27:15,724 - INFO - 173
2026-08-12 00:27:16,379 - INFO - (False, '[GAME NOT FOUND]')
2026-08-12 00:27:16,379 - INFO - Leiiicrndng
2026-08-12 00:27:16,379 - INFO - 175
2026-08-12 00:27:16,490 - INFO - (False, '[GAME NOT FOUND]')
2026-08-12 00:27:16,490 - INFO - limz05
2026-08-12 00:27:16,490 - INFO - 177
2026-08-12 00:27:17,253 - INFO - (False, '[GAME NOT FOUND]')
2026-08-12 00:27:17,254 - INFO - Densluhv
2026-08-12 00:27:17,254 - INFO - 161
2026-08-12 00:27:17,353 - INFO - (False, '[GAME NOT FOUND]')
2026-08-12 00:27:17,353 - INFO - d4MasterPaul
2026-08-12 00:27:17,353 - INFO - 171
2026-08-12 00:27:18,146 - INFO - (False, '[GAME NOT FOUND]')
2026-08-12 00:27:18,146 - INFO - almario_fortaliza
2026-08-12 00:27:18,146 - INFO - 176
2026-08-12 00:27:18,193 - INFO - (False, '[GAME NOT FOUND]')
2026-08-12 00:27:18,193 - INFO - HerrFlick11
2026-08-12 00:27:18,193 - INFO - 178
2026-08-12 00:27:20,813 - INFO - (False, '[GAME NOT FOUND]')
2026-08-12 00:27:20,813 - INFO - cutenessmoves
2026-08-12 00:27:20,813 - INFO - 174
2026-08-12 00:27:21,130 - INFO - (False, '[GAME NOT FOUND]')
2026-08-12 00:27:21,130 - INFO - RodjRH
2026-08-12 00:27:21,130 - INFO - 180
2026-08-12 00:27:23,428 - INFO - (False, '[GAME NOT FOUND]')
2026-08-12 00:27:23,428 - INFO - BadApp_le
2026-08-12 00:27:23,428 - INFO - 181
2026-08-12 00:27:24,183 - INFO - (False, '[GAME NOT FOUND]')
2026-08-12 00:27:24,183 - INFO - jhunambas030
2026-08-12 00:27:24,183 - INFO - 184
2026-08-12 00:27:27,858 - INFO - (False, '[GAME NOT FOUND]')
2026-08-12 00:27:27,858 - INFO - Logic_Validator
2026-08-12 00:27:27,858 - INFO - 121
2026-08-12 00:27:29,891 - INFO - (False, '[GAME NOT FOUND]')
2026-08-12 00:27:29,892 - INFO - BIGBOSS123tudy
2026-08-12 00:27:29,892 - INFO - 187
2026-08-12 00:27:29,893 - INFO - (False, '[GAME NOT FOUND]')
2026-08-12 00:27:29,893 - INFO - Dwyneelyr
2026-08-12 00:27:29,893 - INFO - 179
2026-08-12 00:27:29,893 - INFO - (False, '[GAME NOT FOUND]')
2026-08-12 00:27:29,893 - INFO - genesisreformat
2026-08-12 00:27:29,893 - INFO - 183
2026-08-12 00:27:30,461 - INFO - (False, '[GAME NOT FOUND]')
2026-08-12 00:27:30,461 - INFO - focuspawn
2026-08-12 00:27:30,461 - INFO - 186
2026-08-12 00:27:30,782 - INFO - (False, '[GAME NOT FOUND]')
2026-08-12 00:27:30,782 - INFO - NEL-IANMADRIGAL
2026-08-12 00:27:30,782 - INFO - 189
2026-08-12 00:27:31,816 - INFO - (False, '[GAME NOT FOUND]')
2026-08-12 00:27:31,816 - INFO - jandawig
2026-08-12 00:27:31,816 - INFO - 191
2026-08-12 00:27:32,044 - INFO - (False, '[GAME NOT FOUND]')
2026-08-12 00:27:32,044 - INFO - ranger9570
2026-08-12 00:27:32,044 - INFO - 182
2026-08-12 00:27:32,076 - INFO - (False, '[GAME NOT FOUND]')
2026-08-12 00:27:32,076 - INFO - Brodwar_weak
2026-08-12 00:27:32,076 - INFO - 190
2026-08-12 00:27:33,599 - INFO - (False, '[GAME NOT FOUND]')
2026-08-12 00:27:33,599 - INFO - equilibrium1026
2026-08-12 00:27:33,599 - INFO - 185
2026-08-12 00:27:34,805 - INFO - (False, '[GAME NOT FOUND]')
2026-08-12 00:27:34,805 - INFO - DanChess-d4
2026-08-12 00:27:34,805 - INFO - 192
2026-08-12 00:27:35,085 - INFO - (False, '[GAME NOT FOUND]')
2026-08-12 00:27:35,086 - INFO - Chixwarlord2017
2026-08-12 00:27:35,086 - INFO - 195
2026-08-12 00:27:37,038 - INFO - (False, '[GAME NOT FOUND]')
2026-08-12 00:27:37,038 - INFO - benjievillamor41gmailco
2026-08-12 00:27:37,040 - INFO - 168
2026-08-12 00:27:37,047 - INFO - (False, '[GAME NOT FOUND]')
2026-08-12 00:27:37,047 - INFO - ThinkTankBoom
2026-08-12 00:27:37,047 - INFO - 193
2026-08-12 00:27:37,123 - INFO - (False, '[GAME NOT FOUND]')
2026-08-12 00:27:37,123 - INFO - maydumpling
2026-08-12 00:27:37,123 - INFO - 196
2026-08-12 00:27:37,894 - INFO - (False, '[GAME NOT FOUND]')
2026-08-12 00:27:37,897 - INFO - baltzky
2026-08-12 00:27:37,897 - INFO - 201
2026-08-12 00:27:37,898 - INFO - (False, '[GAME NOT FOUND]')
2026-08-12 00:27:37,898 - INFO - Nayr10
2026-08-12 00:27:37,898 - INFO - 194
2026-08-12 00:27:38,385 - INFO - (False, '[GAME NOT FOUND]')
2026-08-12 00:27:38,385 - INFO - JoseAndrei_A
2026-08-12 00:27:38,385 - INFO - 197
2026-08-12 00:27:38,644 - INFO - (False, '[GAME NOT FOUND]')
2026-08-12 00:27:38,644 - INFO - Dondon157
2026-08-12 00:27:38,644 - INFO - 188
2026-08-12 00:27:38,654 - INFO - (False, '[GAME NOT FOUND]')
2026-08-12 00:27:38,655 - INFO - BawatP1yesa
2026-08-12 00:27:38,655 - INFO - 200
2026-08-12 00:27:39,124 - INFO - (False, '[GAME NOT FOUND]')
2026-08-12 00:27:39,124 - INFO - CreamFairy
2026-08-12 00:27:39,124 - INFO - 202
2026-08-12 00:27:40,472 - INFO - (False, '[GAME NOT FOUND]')
2026-08-12 00:27:40,472 - INFO - Bad_Apple00
2026-08-12 00:27:40,472 - INFO - 205
2026-08-12 00:27:40,867 - INFO - (False, '[GAME NOT FOUND]')
2026-08-12 00:27:40,867 - INFO - dwerfiii
2026-08-12 00:27:40,867 - INFO - 198
2026-08-12 00:27:41,442 - INFO - (False, '[GAME NOT FOUND]')
2026-08-12 00:27:41,443 - INFO - Zacknights
2026-08-12 00:27:41,443 - INFO - 206
2026-08-12 00:27:42,274 - INFO - (False, '[GAME NOT FOUND]')
2026-08-12 00:27:42,274 - INFO - jaychess123
2026-08-12 00:27:42,274 - INFO - 210
2026-08-12 00:27:42,343 - INFO - (False, '[GAME NOT FOUND]')
2026-08-12 00:27:42,343 - INFO - crrrsss
2026-08-12 00:27:42,343 - INFO - 211
2026-08-12 00:27:42,652 - INFO - (False, '[GAME NOT FOUND]')
2026-08-12 00:27:42,652 - INFO - Arve143
2026-08-12 00:27:42,652 - INFO - 207
2026-08-12 00:27:42,923 - INFO - (False, '[GAME NOT FOUND]')
2026-08-12 00:27:42,923 - INFO - cheapa223
2026-08-12 00:27:42,923 - INFO - 204
2026-08-12 00:27:43,563 - INFO - (False, '[GAME NOT FOUND]')
2026-08-12 00:27:43,563 - INFO - RonMarvin
2026-08-12 00:27:43,563 - INFO - 208
2026-08-12 00:27:43,658 - INFO - (False, '[GAME NOT FOUND]')
2026-08-12 00:27:43,658 - INFO - NoelGer
2026-08-12 00:27:43,658 - INFO - 212
2026-08-12 00:27:43,720 - INFO - (False, '[GAME NOT FOUND]')
2026-08-12 00:27:43,720 - INFO - Romblon07
2026-08-12 00:27:43,720 - INFO - 213
2026-08-12 00:27:44,457 - INFO - (False, '[GAME NOT FOUND]')
2026-08-12 00:27:44,457 - INFO - RAMCESCHAVEZTHEGREAT
2026-08-12 00:27:44,457 - INFO - 203
2026-08-12 00:27:44,763 - INFO - (False, '[GAME NOT FOUND]')
2026-08-12 00:27:44,763 - INFO - valcharm
2026-08-12 00:27:44,764 - INFO - 217
2026-08-12 00:27:44,868 - INFO - (False, '[GAME NOT FOUND]')
2026-08-12 00:27:44,870 - INFO - CylerzYvan
2026-08-12 00:27:44,870 - INFO - 215
2026-08-12 00:27:44,892 - INFO - (False, '[GAME NOT FOUND]')
2026-08-12 00:27:44,894 - INFO - Skabaditulit
2026-08-12 00:27:44,894 - INFO - 216
2026-08-12 00:27:44,899 - INFO - (False, '[GAME NOT FOUND]')
2026-08-12 00:27:44,899 - INFO - dale_bernardo
2026-08-12 00:27:44,899 - INFO - 218
2026-08-12 00:27:44,900 - INFO - (False, '[GAME NOT FOUND]')
2026-08-12 00:27:44,900 - INFO - Patrick_354
2026-08-12 00:27:44,900 - INFO - 214
2026-08-12 00:27:44,901 - INFO - (False, '[GAME NOT FOUND]')
2026-08-12 00:27:44,901 - INFO - KvnStt
2026-08-12 00:27:44,901 - INFO - 209
2026-08-12 00:27:45,555 - INFO - (False, '[GAME NOT FOUND]')
2026-08-12 00:27:45,555 - INFO - General-Jan-C-S
2026-08-12 00:27:45,555 - INFO - 220
2026-08-12 00:27:46,450 - INFO - (False, '[GAME NOT FOUND]')
2026-08-12 00:27:46,451 - INFO - senseiiwohh
2026-08-12 00:27:46,451 - INFO - 227
2026-08-12 00:27:46,570 - INFO - (False, '[GAME NOT FOUND]')
2026-08-12 00:27:46,571 - INFO - JeremiasYgot
2026-08-12 00:27:46,571 - INFO - 221
2026-08-12 00:27:46,751 - INFO - (False, '[GAME NOT FOUND]')
2026-08-12 00:27:46,751 - INFO - Naldo113
2026-08-12 00:27:46,751 - INFO - 199
2026-08-12 00:27:46,759 - INFO - (False, '[GAME NOT FOUND]')
2026-08-12 00:27:46,759 - INFO - Tedian_Montoyo
2026-08-12 00:27:46,759 - INFO - 223
2026-08-12 00:27:46,822 - INFO - (False, '[GAME NOT FOUND]')
2026-08-12 00:27:46,822 - INFO - TheLegend1428
2026-08-12 00:27:46,822 - INFO - 226
2026-08-12 00:27:47,349 - INFO - (False, '[GAME NOT FOUND]')
2026-08-12 00:27:47,349 - INFO - Lower1Q123
2026-08-12 00:27:47,349 - INFO - 222
2026-08-12 00:27:48,002 - INFO - (False, '[GAME NOT FOUND]')
2026-08-12 00:27:48,002 - INFO - roddrook
2026-08-12 00:27:48,002 - INFO - 229
2026-08-12 00:27:48,763 - INFO - (False, '[GAME NOT FOUND]')
2026-08-12 00:27:48,764 - INFO - waltallen11
2026-08-12 00:27:48,764 - INFO - 230
2026-08-12 00:27:49,272 - INFO - (False, '[GAME NOT FOUND]')
2026-08-12 00:27:49,272 - INFO - Mthw18
2026-08-12 00:27:49,272 - INFO - 224
2026-08-12 00:27:49,416 - INFO - (False, '[GAME NOT FOUND]')
2026-08-12 00:27:49,416 - INFO - rg3rman
2026-08-12 00:27:49,416 - INFO - 231
2026-08-12 00:27:49,593 - INFO - (False, '[GAME NOT FOUND]')
2026-08-12 00:27:49,593 - INFO - NeoPw
2026-08-12 00:27:49,593 - INFO - 233
2026-08-12 00:27:50,018 - INFO - (False, '[GAME NOT FOUND]')
2026-08-12 00:27:50,018 - INFO - Sneppy23
2026-08-12 00:27:50,018 - INFO - 232
2026-08-12 00:27:50,158 - INFO - (False, '[GAME NOT FOUND]')
2026-08-12 00:27:50,158 - INFO - AndreanPaul
2026-08-12 00:27:50,159 - INFO - 225
2026-08-12 00:27:50,164 - INFO - (False, '[GAME NOT FOUND]')
2026-08-12 00:27:50,164 - INFO - Chaoticfellow
2026-08-12 00:27:50,164 - INFO - 228
2026-08-12 00:27:50,169 - INFO - (False, '[GAME NOT FOUND]')
2026-08-12 00:27:50,169 - INFO - Perseus82
2026-08-12 00:27:50,169 - INFO - 235
2026-08-12 00:27:53,133 - INFO - (False, '[GAME NOT FOUND]')
2026-08-12 00:27:53,133 - INFO - GSAlegre
2026-08-12 00:27:53,133 - INFO - 234
2026-08-12 00:27:53,175 - INFO - (False, '[GAME NOT FOUND]')
2026-08-12 00:27:53,175 - INFO - GM_DarwinLaylo
2026-08-12 00:27:53,175 - INFO - 242
2026-08-12 00:27:53,551 - INFO - (False, '[GAME NOT FOUND]')
2026-08-12 00:27:53,551 - INFO - maki-adriano
2026-08-12 00:27:53,551 - INFO - 239
2026-08-12 00:27:53,587 - INFO - (False, '[GAME NOT FOUND]')
2026-08-12 00:27:53,587 - INFO - Artritosss
2026-08-12 00:27:53,587 - INFO - 240
2026-08-12 00:27:53,809 - INFO - (False, '[GAME NOT FOUND]')
2026-08-12 00:27:53,809 - INFO - HappyKnightHappyLife
2026-08-12 00:27:53,809 - INFO - 238
2026-08-12 00:27:53,840 - INFO - (False, '[GAME NOT FOUND]')
2026-08-12 00:27:53,840 - INFO - Game_Analysis_2026
2026-08-12 00:27:53,840 - INFO - 243
2026-08-12 00:27:54,943 - INFO - (False, '[GAME NOT FOUND]')
2026-08-12 00:27:54,944 - INFO - Manuelgeronimo03
2026-08-12 00:27:54,944 - INFO - 237
2026-08-12 00:27:54,944 - INFO - (False, '[GAME NOT FOUND]')
2026-08-12 00:27:54,944 - INFO - error_zoneed
2026-08-12 00:27:54,944 - INFO - 244
2026-08-12 00:27:55,603 - INFO - (False, '[GAME NOT FOUND]')
2026-08-12 00:27:55,603 - INFO - Archangel-Gabriell
2026-08-12 00:27:55,603 - INFO - 236
2026-08-12 00:27:55,657 - INFO - (False, '[GAME NOT FOUND]')
2026-08-12 00:27:55,657 - INFO - Nin_Aurelia05
2026-08-12 00:27:55,657 - INFO - 245
2026-08-12 00:27:55,802 - INFO - (False, '[GAME NOT FOUND]')
2026-08-12 00:27:55,814 - INFO - UsernameIsNotYetTaken
2026-08-12 00:27:55,815 - INFO - 247
2026-08-12 00:27:56,167 - INFO - (False, '[GAME NOT FOUND]')
2026-08-12 00:27:56,167 - INFO - morsk613
2026-08-12 00:27:56,167 - INFO - 246
2026-08-12 00:27:56,913 - INFO - (False, '[GAME NOT FOUND]')
2026-08-12 00:27:56,913 - INFO - Boardgamemaster_phi
2026-08-12 00:27:56,913 - INFO - 251
2026-08-12 00:27:57,335 - INFO - (False, '[GAME NOT FOUND]')
2026-08-12 00:27:57,336 - INFO - Black_Knight_0721
2026-08-12 00:27:57,336 - INFO - 248
2026-08-12 00:27:57,591 - INFO - (False, '[GAME NOT FOUND]')
2026-08-12 00:27:57,592 - INFO - Xuriaaaa
2026-08-12 00:27:57,592 - INFO - 250
2026-08-12 00:27:57,634 - INFO - (False, '[GAME NOT FOUND]')
2026-08-12 00:27:57,634 - INFO - JhonEirrol
2026-08-12 00:27:57,634 - INFO - 249
2026-08-12 00:27:57,635 - INFO - (False, '[GAME NOT FOUND]')
2026-08-12 00:27:57,635 - INFO - 2Im_literally_noob
2026-08-12 00:27:57,635 - INFO - 241
2026-08-12 00:27:58,472 - INFO - (False, '[GAME NOT FOUND]')
2026-08-12 00:27:58,472 - INFO - melvinbaon
2026-08-12 00:27:58,472 - INFO - 252
2026-08-12 00:27:58,632 - INFO - (False, '[GAME NOT FOUND]')
2026-08-12 00:27:58,632 - INFO - Zham23
2026-08-12 00:27:58,632 - INFO - 255
2026-08-12 00:27:59,117 - INFO - (False, '[GAME NOT FOUND]')
2026-08-12 00:27:59,118 - INFO - XiaoGan_Wei
2026-08-12 00:27:59,118 - INFO - 219
2026-08-12 00:27:59,124 - INFO - (False, '[GAME NOT FOUND]')
2026-08-12 00:27:59,124 - INFO - simpledanger
2026-08-12 00:27:59,124 - INFO - 254
2026-08-12 00:27:59,193 - INFO - (False, '[GAME NOT FOUND]')
2026-08-12 00:27:59,193 - INFO - fernandoestales12345
2026-08-12 00:27:59,193 - INFO - 258
2026-08-12 00:27:59,280 - INFO - (False, '[GAME NOT FOUND]')
2026-08-12 00:27:59,280 - INFO - Ota_2022
2026-08-12 00:27:59,280 - INFO - 256
2026-08-12 00:28:00,388 - INFO - (False, '[GAME NOT FOUND]')
2026-08-12 00:28:00,388 - INFO - InfatuatedNaMahina
2026-08-12 00:28:00,388 - INFO - 257
2026-08-12 00:28:00,883 - INFO - (False, '[GAME NOT FOUND]')
2026-08-12 00:28:00,883 - INFO - BCSauIGoodman
2026-08-12 00:28:00,883 - INFO - 262
2026-08-12 00:28:01,906 - INFO - (False, '[GAME NOT FOUND]')
2026-08-12 00:28:01,906 - INFO - ohbabyilovecheckmate
2026-08-12 00:28:01,906 - INFO - 264
2026-08-12 00:28:03,894 - INFO - (False, '[GAME NOT FOUND]')
2026-08-12 00:28:03,894 - INFO - ThePerfectAlienn
2026-08-12 00:28:03,894 - INFO - 261
2026-08-12 00:28:04,300 - INFO - (False, '[GAME NOT FOUND]')
2026-08-12 00:28:04,300 - INFO - jhonpaul05
2026-08-12 00:28:04,300 - INFO - 265
2026-08-12 00:28:07,203 - INFO - (False, '[GAME NOT FOUND]')
2026-08-12 00:28:07,203 - INFO - Morileo2
2026-08-12 00:28:07,203 - INFO - 269
2026-08-12 00:28:11,990 - INFO - (False, '[GAME NOT FOUND]')
2026-08-12 00:28:11,990 - INFO - mgcutp
2026-08-12 00:28:11,990 - INFO - 266
2026-08-12 00:28:12,144 - INFO - (False, '[GAME NOT FOUND]')
2026-08-12 00:28:12,144 - INFO - juliusaniag
2026-08-12 00:28:12,145 - INFO - 268
2026-08-12 00:28:14,180 - INFO - (False, '[GAME NOT FOUND]')
2026-08-12 00:28:14,180 - INFO - DANKEY_2007
2026-08-12 00:28:14,180 - INFO - 270
2026-08-12 00:28:16,249 - INFO - (False, '[GAME NOT FOUND]')
2026-08-12 00:28:16,249 - INFO - CutieFredyEZwin
2026-08-12 00:28:16,249 - INFO - 267
2026-08-12 00:28:22,326 - INFO - (False, '[GAME NOT FOUND]')
2026-08-12 00:28:22,326 - INFO - vedeboy
2026-08-12 00:28:22,326 - INFO - 272
2026-08-12 00:28:22,584 - INFO - (False, '[GAME NOT FOUND]')
2026-08-12 00:28:22,584 - INFO - XanderSteven
2026-08-12 00:28:22,584 - INFO - 273
2026-08-12 00:28:24,525 - INFO - (False, '[GAME NOT FOUND]')
2026-08-12 00:28:24,525 - INFO - wawang2x
2026-08-12 00:28:24,527 - INFO - 253
2026-08-12 00:28:24,530 - INFO - (False, '[GAME NOT FOUND]')
2026-08-12 00:28:24,530 - INFO - Osheia
2026-08-12 00:28:24,530 - INFO - 263
2026-08-12 00:28:24,820 - INFO - (False, '[GAME NOT FOUND]')
2026-08-12 00:28:24,820 - INFO - stevemoral
2026-08-12 00:28:24,820 - INFO - 275
2026-08-12 00:28:26,597 - INFO - (False, '[GAME NOT FOUND]')
2026-08-12 00:28:26,597 - INFO - renzdariel
2026-08-12 00:28:26,598 - INFO - 276
2026-08-12 00:28:34,104 - INFO - (False, '[GAME NOT FOUND]')
2026-08-12 00:28:34,104 - INFO - bwpisesa
2026-08-12 00:28:34,104 - INFO - 274
2026-08-12 00:28:36,005 - INFO - (False, '[GAME NOT FOUND]')
2026-08-12 00:28:36,005 - INFO - EldinEroma
2026-08-12 00:28:36,005 - INFO - 259
2026-08-12 00:28:36,329 - INFO - (False, '[GAME NOT FOUND]')
2026-08-12 00:28:36,329 - INFO - capsgel04
2026-08-12 00:28:36,329 - INFO - 279
2026-08-12 00:28:37,057 - INFO - (False, '[GAME NOT FOUND]')
2026-08-12 00:28:37,057 - INFO - Force_resign2025
2026-08-12 00:28:37,057 - INFO - 271
2026-08-12 00:28:37,135 - INFO - (False, '[GAME NOT FOUND]')
2026-08-12 00:28:37,135 - INFO - jrodaquino
2026-08-12 00:28:37,135 - INFO - 283
2026-08-12 00:28:37,966 - INFO - (False, '[GAME NOT FOUND]')
2026-08-12 00:28:37,967 - INFO - ForsakenWann
2026-08-12 00:28:37,967 - INFO - 281
2026-08-12 00:28:38,839 - INFO - (False, '[GAME NOT FOUND]')
2026-08-12 00:28:38,839 - INFO - mylix506
2026-08-12 00:28:38,840 - INFO - 277
2026-08-12 00:28:40,013 - INFO - (False, '[GAME NOT FOUND]')
2026-08-12 00:28:40,013 - INFO - Crishajanemadrigal
2026-08-12 00:28:40,013 - INFO - 280
2026-08-12 00:28:41,682 - INFO - (False, '[GAME NOT FOUND]')
2026-08-12 00:28:41,682 - INFO - phplayer
2026-08-12 00:28:41,682 - INFO - 285
2026-08-12 00:28:43,023 - INFO - (False, '[GAME NOT FOUND]')
2026-08-12 00:28:43,023 - INFO - Alamat_ng_tahong
2026-08-12 00:28:43,023 - INFO - 260
2026-08-12 00:28:53,704 - INFO - (False, '[GAME NOT FOUND]')
2026-08-12 00:28:53,704 - INFO - markie_16
2026-08-12 00:28:53,704 - INFO - 284
2026-08-12 00:28:53,721 - INFO - (False, '[GAME NOT FOUND]')
2026-08-12 00:28:53,721 - INFO - firefox0214
2026-08-12 00:28:53,721 - INFO - 288
2026-08-12 00:28:56,229 - INFO - (False, '[GAME NOT FOUND]')
2026-08-12 00:28:56,229 - INFO - nelbert11
2026-08-12 00:28:56,229 - INFO - 289
2026-08-12 00:29:10,736 - WARNING - Retrying (Retry(total=2, connect=None, read=None, redirect=None, status=None)) after connection broken by 'ReadTimeoutError("HTTPSConnectionPool(host='api.chess.com', port=443): Read timed out. (read timeout=30)")': /pub/player/cyrus_francisco/games/2026/08
2026-08-12 00:29:15,949 - INFO - (False, '[GAME NOT FOUND]')
2026-08-12 00:29:15,949 - INFO - kim100280
2026-08-12 00:29:15,949 - INFO - 295
2026-08-12 00:29:20,538 - INFO - (False, '[GAME NOT FOUND]')
2026-08-12 00:29:20,538 - INFO - Cyrus_Francisco
2026-08-12 00:29:20,538 - INFO - 278
2026-08-12 00:29:21,533 - INFO - (False, '[GAME NOT FOUND]')
2026-08-12 00:29:21,533 - INFO - Francly
2026-08-12 00:29:21,533 - INFO - 293
2026-08-12 00:29:22,106 - INFO - (False, '[GAME NOT FOUND]')
2026-08-12 00:29:22,106 - INFO - yiruma19
2026-08-12 00:29:22,106 - INFO - 282
2026-08-12 00:29:22,122 - INFO - (False, '[GAME NOT FOUND]')
2026-08-12 00:29:22,122 - INFO - Chessgoat2e
2026-08-12 00:29:22,122 - INFO - 290
2026-08-12 00:29:23,167 - WARNING - Retrying (Retry(total=2, connect=None, read=None, redirect=None, status=None)) after connection broken by 'ConnectionResetError(10054, 'An existing connection was forcibly closed by the remote host', None, 10054, None)': /pub/player/agmliamomana/games/archives
2026-08-12 00:29:24,033 - WARNING - Retrying (Retry(total=2, connect=None, read=None, redirect=None, status=None)) after connection broken by 'ReadTimeoutError("HTTPSConnectionPool(host='api.chess.com', port=443): Read timed out. (read timeout=30)")': /pub/player/mart02031976/games/archives
2026-08-12 00:29:24,193 - INFO - (False, '[GAME NOT FOUND]')
2026-08-12 00:29:24,193 - INFO - necrobryze
2026-08-12 00:29:24,193 - INFO - 297
2026-08-12 00:29:24,461 - INFO - (False, '[GAME NOT FOUND]')
2026-08-12 00:29:24,461 - INFO - RichardFerraren53
2026-08-12 00:29:24,461 - INFO - 296
2026-08-12 00:29:25,472 - WARNING - Retrying (Retry(total=2, connect=None, read=None, redirect=None, status=None)) after connection broken by 'ReadTimeoutError("HTTPSConnectionPool(host='api.chess.com', port=443): Read timed out. (read timeout=30)")': /pub/player/sanzu/games/2026/08
2026-08-12 00:29:26,827 - INFO - (False, '[GAME NOT FOUND]')
2026-08-12 00:29:26,827 - INFO - jonver123
2026-08-12 00:29:26,827 - INFO - 301
2026-08-12 00:29:29,024 - INFO - (False, '[GAME NOT FOUND]')
2026-08-12 00:29:29,024 - INFO - GoodFarmer
2026-08-12 00:29:29,024 - INFO - 287
2026-08-12 00:29:49,587 - INFO - (False, '[GAME NOT FOUND]')
2026-08-12 00:29:49,587 - INFO - mart02031976
2026-08-12 00:29:49,587 - INFO - 294
2026-08-12 00:29:49,767 - INFO - (False, '[GAME NOT FOUND]')
2026-08-12 00:29:49,768 - INFO - c8strategy
2026-08-12 00:29:49,768 - INFO - 303
2026-08-12 00:29:52,188 - INFO - (False, '[GAME NOT FOUND]')
2026-08-12 00:29:52,189 - INFO - SethCL21
2026-08-12 00:29:52,189 - INFO - 300
2026-08-12 00:29:52,191 - INFO - (False, '[GAME NOT FOUND]')
2026-08-12 00:29:52,191 - INFO - Transfat14
2026-08-12 00:29:52,191 - INFO - 298
2026-08-12 00:29:52,192 - INFO - (False, '[GAME NOT FOUND]')
2026-08-12 00:29:52,192 - INFO - sanzu
2026-08-12 00:29:52,192 - INFO - 292
2026-08-12 00:29:52,284 - INFO - (False, '[GAME NOT FOUND]')
2026-08-12 00:29:52,284 - INFO - HevLiam
2026-08-12 00:29:52,284 - INFO - 305
2026-08-12 00:29:52,410 - INFO - (False, '[GAME NOT FOUND]')
2026-08-12 00:29:52,410 - INFO - Okolokol
2026-08-12 00:29:52,410 - INFO - 306
2026-08-12 00:29:53,790 - INFO - (False, '[This user does not exist]')
2026-08-12 00:29:53,790 - INFO - Victortzyy
2026-08-12 00:29:53,790 - INFO - 308
2026-08-12 00:29:54,111 - INFO - (False, '[GAME NOT FOUND]')
2026-08-12 00:29:54,111 - INFO - Marioibabao06
2026-08-12 00:29:54,111 - INFO - 299
2026-08-12 00:29:54,197 - INFO - (False, '[GAME NOT FOUND]')
2026-08-12 00:29:54,197 - INFO - kulatador
2026-08-12 00:29:54,197 - INFO - 302
2026-08-12 00:29:54,207 - INFO - (False, '[GAME NOT FOUND]')
2026-08-12 00:29:54,207 - INFO - cramcram68
2026-08-12 00:29:54,207 - INFO - 311
2026-08-12 00:29:57,609 - INFO - (False, '[GAME NOT FOUND]')
2026-08-12 00:29:57,609 - INFO - NathanJhk
2026-08-12 00:29:57,609 - INFO - 309
2026-08-12 00:29:59,292 - INFO - (False, '[GAME NOT FOUND]')
2026-08-12 00:29:59,293 - INFO - Almanzorbarzana
2026-08-12 00:29:59,293 - INFO - 315
2026-08-12 00:29:59,526 - INFO - (False, '[GAME NOT FOUND]')
2026-08-12 00:29:59,526 - INFO - vicsta14
2026-08-12 00:29:59,526 - INFO - 304
2026-08-12 00:30:00,257 - WARNING - Retrying (Retry(total=2, connect=None, read=None, redirect=None, status=None)) after connection broken by 'ReadTimeoutError("HTTPSConnectionPool(host='api.chess.com', port=443): Read timed out. (read timeout=30)")': /pub/player/sirlinomendiogarin/games/2026/08
2026-08-12 00:30:01,526 - INFO - (False, '[GAME NOT FOUND]')
2026-08-12 00:30:01,526 - INFO - Gingcabugsan
2026-08-12 00:30:01,526 - INFO - 307
2026-08-12 00:30:04,580 - INFO - (False, '[GAME NOT FOUND]')
2026-08-12 00:30:04,580 - INFO - reynan_21
2026-08-12 00:30:04,580 - INFO - 310
2026-08-12 00:30:04,931 - INFO - (False, '[GAME NOT FOUND]')
2026-08-12 00:30:04,931 - INFO - marilyn000000008
2026-08-12 00:30:04,931 - INFO - 317
2026-08-12 00:30:07,365 - INFO - (False, '[GAME NOT FOUND]')
2026-08-12 00:30:07,365 - INFO - SirlinoMendiogarin
2026-08-12 00:30:07,365 - INFO - 286
2026-08-12 00:30:07,791 - INFO - (False, '[GAME NOT FOUND]')
2026-08-12 00:30:07,792 - INFO - GxoFybaBs
2026-08-12 00:30:07,792 - INFO - 313
2026-08-12 00:30:11,823 - INFO - (False, '[GAME NOT FOUND]')
2026-08-12 00:30:11,823 - INFO - kingfisheriv
2026-08-12 00:30:11,823 - INFO - 318
2026-08-12 00:30:12,803 - INFO - (False, '[GAME NOT FOUND]')
2026-08-12 00:30:12,803 - INFO - KarlStephen2026
2026-08-12 00:30:12,803 - INFO - 316
2026-08-12 00:30:14,457 - INFO - (False, '[GAME NOT FOUND]')
2026-08-12 00:30:14,458 - INFO - D3xTroyer
2026-08-12 00:30:14,458 - INFO - 322
2026-08-12 00:30:28,508 - INFO - (False, '[GAME NOT FOUND]')
2026-08-12 00:30:28,508 - INFO - dhen1217
2026-08-12 00:30:28,508 - INFO - 324
2026-08-12 00:30:28,562 - INFO - (False, '[GAME NOT FOUND]')
2026-08-12 00:30:28,562 - INFO - Jomali_Mates
2026-08-12 00:30:28,562 - INFO - 312
2026-08-12 00:30:32,281 - INFO - (False, '[GAME NOT FOUND]')
2026-08-12 00:30:32,281 - INFO - Cadencullen12
2026-08-12 00:30:32,283 - INFO - 319
2026-08-12 00:30:32,337 - INFO - (False, '[GAME NOT FOUND]')
2026-08-12 00:30:32,337 - INFO - AGMLiamOmana
2026-08-12 00:30:32,337 - INFO - 291
2026-08-12 00:30:33,377 - INFO - (False, '[GAME NOT FOUND]')
2026-08-12 00:30:33,378 - INFO - Hornadajoel
2026-08-12 00:30:33,378 - INFO - 323
2026-08-12 00:30:33,768 - INFO - (False, '[GAME NOT FOUND]')
2026-08-12 00:30:33,768 - INFO - Nehs18
2026-08-12 00:30:33,768 - INFO - 314
2026-08-12 00:30:34,371 - INFO - (False, '[GAME NOT FOUND]')
2026-08-12 00:30:34,371 - INFO - labyrinth63
2026-08-12 00:30:34,371 - INFO - 321
2026-08-12 00:30:35,387 - INFO - (False, '[GAME NOT FOUND]')
2026-08-12 00:30:35,388 - INFO - lukeeedgar
2026-08-12 00:30:35,388 - INFO - 331
2026-08-12 00:30:35,389 - INFO - (False, '[GAME NOT FOUND]')
2026-08-12 00:30:35,389 - INFO - animaci
2026-08-12 00:30:35,389 - INFO - 326
2026-08-12 00:30:36,957 - INFO - (False, '[GAME NOT FOUND]')
2026-08-12 00:30:36,957 - INFO - ChardTheDragonMaster
2026-08-12 00:30:36,957 - INFO - 329
2026-08-12 00:30:39,936 - INFO - (False, '[GAME NOT FOUND]')
2026-08-12 00:30:39,936 - INFO - yurel
2026-08-12 00:30:39,936 - INFO - 335
2026-08-12 00:30:44,212 - INFO - (False, '[GAME NOT FOUND]')
2026-08-12 00:30:44,212 - INFO - BlueTopic
2026-08-12 00:30:44,213 - INFO - 332
2026-08-12 00:30:44,401 - INFO - (False, '[GAME NOT FOUND]')
2026-08-12 00:30:44,401 - INFO - CHESSISREL
2026-08-12 00:30:44,401 - INFO - 327
2026-08-12 00:30:44,945 - INFO - (False, '[GAME NOT FOUND]')
2026-08-12 00:30:44,945 - INFO - Febcold
2026-08-12 00:30:44,945 - INFO - 334
2026-08-12 00:31:00,377 - WARNING - Retrying (Retry(total=2, connect=None, read=None, redirect=None, status=None)) after connection broken by 'ReadTimeoutError("HTTPSConnectionPool(host='api.chess.com', port=443): Read timed out. (read timeout=30)")': /pub/player/ezonactivist/games/2026/08
2026-08-12 00:31:00,704 - INFO - (False, '[GAME NOT FOUND]')
2026-08-12 00:31:00,704 - INFO - Kaerazu
2026-08-12 00:31:00,704 - INFO - 336
2026-08-12 00:31:02,653 - INFO - (False, '[GAME NOT FOUND]')
2026-08-12 00:31:02,653 - INFO - conan_29
2026-08-12 00:31:02,653 - INFO - 325
2026-08-12 00:31:04,035 - INFO - (False, '[GAME NOT FOUND]')
2026-08-12 00:31:04,035 - INFO - ezonactivist
2026-08-12 00:31:04,035 - INFO - 328
2026-08-12 00:31:07,548 - INFO - (False, '[GAME NOT FOUND]')
2026-08-12 00:31:07,548 - INFO - boomdean
2026-08-12 00:31:07,548 - INFO - 337
2026-08-12 00:31:08,415 - INFO - (False, '[GAME NOT FOUND]')
2026-08-12 00:31:08,415 - INFO - Doodskie30
2026-08-12 00:31:08,415 - INFO - 343
2026-08-12 00:31:09,154 - INFO - (False, '[GAME NOT FOUND]')
2026-08-12 00:31:09,154 - INFO - henrie_villanueva
2026-08-12 00:31:09,154 - INFO - 340
2026-08-12 00:31:09,516 - INFO - (False, '[GAME NOT FOUND]')
2026-08-12 00:31:09,516 - INFO - MarcKevinLabog
2026-08-12 00:31:09,517 - INFO - 342
2026-08-12 00:31:22,779 - INFO - (False, '[GAME NOT FOUND]')
2026-08-12 00:31:22,779 - INFO - FilipinoWizard
2026-08-12 00:31:22,779 - INFO - 341
2026-08-12 00:31:24,034 - INFO - (False, '[GAME NOT FOUND]')
2026-08-12 00:31:24,034 - INFO - wanvis
2026-08-12 00:31:24,034 - INFO - 346
2026-08-12 00:31:24,576 - INFO - (False, '[GAME NOT FOUND]')
2026-08-12 00:31:24,576 - INFO - Hunter_4-6
2026-08-12 00:31:24,576 - INFO - 338
2026-08-12 00:31:24,779 - INFO - (False, '[GAME NOT FOUND]')
2026-08-12 00:31:24,779 - INFO - TheJedidiahSystem
2026-08-12 00:31:24,779 - INFO - 344
2026-08-12 00:31:26,164 - INFO - (False, '[GAME NOT FOUND]')
2026-08-12 00:31:26,164 - INFO - masterblundwr
2026-08-12 00:31:26,164 - INFO - 333
2026-08-12 00:31:26,223 - INFO - (False, '[GAME NOT FOUND]')
2026-08-12 00:31:26,223 - INFO - lynus_kho
2026-08-12 00:31:26,223 - INFO - 348
2026-08-12 00:31:29,176 - INFO - (False, '[GAME NOT FOUND]')
2026-08-12 00:31:29,177 - INFO - SuperAlvinChess
2026-08-12 00:31:29,177 - INFO - 320
2026-08-12 00:31:29,198 - INFO - (False, '[GAME NOT FOUND]')
2026-08-12 00:31:29,198 - INFO - AGM_Nezil_Merilles
2026-08-12 00:31:29,198 - INFO - 350
2026-08-12 00:31:46,683 - INFO - (False, '[GAME NOT FOUND]')
2026-08-12 00:31:46,683 - INFO - The_Chilling_Al
2026-08-12 00:31:46,683 - INFO - 345
2026-08-12 00:31:48,582 - INFO - (False, '[GAME NOT FOUND]')
2026-08-12 00:31:48,582 - INFO - J3DE_SH4RP
2026-08-12 00:31:48,582 - INFO - 353
2026-08-12 00:32:00,252 - INFO - (False, '[GAME NOT FOUND]')
2026-08-12 00:32:00,252 - INFO - CoachLex68
2026-08-12 00:32:00,252 - INFO - 349
2026-08-12 00:32:11,144 - INFO - (False, '[GAME NOT FOUND]')
2026-08-12 00:32:11,144 - INFO - rolanddevilles
2026-08-12 00:32:11,144 - INFO - 330
2026-08-12 00:32:11,235 - INFO - (False, '[GAME NOT FOUND]')
2026-08-12 00:32:11,235 - INFO - Martind24
2026-08-12 00:32:11,235 - INFO - 356
2026-08-12 00:32:13,499 - INFO - (False, '[GAME NOT FOUND]')
2026-08-12 00:32:13,499 - INFO - Palisoc_Christian
2026-08-12 00:32:13,500 - INFO - 355
2026-08-12 00:32:13,504 - INFO - (False, '[GAME NOT FOUND]')
2026-08-12 00:32:13,504 - INFO - jurytacbobo
2026-08-12 00:32:13,504 - INFO - 354
2026-08-12 00:32:13,531 - INFO - (False, '[GAME NOT FOUND]')
2026-08-12 00:32:13,531 - INFO - GREEDICOLOUS
2026-08-12 00:32:13,531 - INFO - 358
2026-08-12 00:32:14,126 - INFO - (False, '[GAME NOT FOUND]')
2026-08-12 00:32:14,126 - INFO - OcraMNhoJ
2026-08-12 00:32:14,126 - INFO - 352
2026-08-12 00:32:16,370 - INFO - (False, '[GAME NOT FOUND]')
2026-08-12 00:32:16,371 - INFO - jacobmorada
2026-08-12 00:32:16,371 - INFO - 360
2026-08-12 00:32:16,869 - INFO - (False, '[GAME NOT FOUND]')
2026-08-12 00:32:16,869 - INFO - Zachary-zion
2026-08-12 00:32:16,869 - INFO - 362
2026-08-12 00:32:19,937 - INFO - (False, '[GAME NOT FOUND]')
2026-08-12 00:32:19,937 - INFO - BaresJobar
2026-08-12 00:32:19,937 - INFO - 357
2026-08-12 00:32:20,287 - INFO - (False, '[GAME NOT FOUND]')
2026-08-12 00:32:20,287 - INFO - FBLandicho11_ASHS
2026-08-12 00:32:20,287 - INFO - 363
2026-08-12 00:32:23,767 - INFO - (False, '[GAME NOT FOUND]')
2026-08-12 00:32:23,767 - INFO - robothand78
2026-08-12 00:32:23,767 - INFO - 366
2026-08-12 00:32:27,164 - INFO - (False, '[GAME NOT FOUND]')
2026-08-12 00:32:27,164 - INFO - chessking06ph
2026-08-12 00:32:27,164 - INFO - 367
2026-08-12 00:32:28,528 - INFO - (False, '[GAME NOT FOUND]')
2026-08-12 00:32:28,529 - INFO - wyett
2026-08-12 00:32:28,534 - INFO - 347
2026-08-12 00:32:29,226 - INFO - (False, '[GAME NOT FOUND]')
2026-08-12 00:32:29,226 - INFO - manuelgwapito31
2026-08-12 00:32:29,226 - INFO - 351
2026-08-12 00:32:29,442 - INFO - (False, '[GAME NOT FOUND]')
2026-08-12 00:32:29,443 - INFO - ar_mac
2026-08-12 00:32:29,443 - INFO - 339
2026-08-12 00:32:29,591 - INFO - (False, '[GAME NOT FOUND]')
2026-08-12 00:32:29,591 - INFO - cancermoves
2026-08-12 00:32:29,591 - INFO - 359
2026-08-12 00:32:31,391 - INFO - (False, '[GAME NOT FOUND]')
2026-08-12 00:32:31,391 - INFO - Romelito001
2026-08-12 00:32:31,391 - INFO - 368
2026-08-12 00:32:31,536 - INFO - (False, '[GAME NOT FOUND]')
2026-08-12 00:32:31,536 - INFO - andyboy214j
2026-08-12 00:32:31,536 - INFO - 371
2026-08-12 00:32:32,842 - INFO - (False, '[GAME NOT FOUND]')
2026-08-12 00:32:32,843 - INFO - bryanjdetano
2026-08-12 00:32:32,843 - INFO - 361
2026-08-12 00:32:33,116 - INFO - (False, '[GAME NOT FOUND]')
2026-08-12 00:32:33,117 - INFO - PawnType
2026-08-12 00:32:33,117 - INFO - 370
2026-08-12 00:32:34,198 - INFO - (False, '[GAME NOT FOUND]')
2026-08-12 00:32:34,198 - INFO - loytinnet
2026-08-12 00:32:34,198 - INFO - 376
2026-08-12 00:32:36,886 - INFO - (False, '[GAME NOT FOUND]')
2026-08-12 00:32:36,886 - INFO - REYNACUA1962
2026-08-12 00:32:36,886 - INFO - 365
2026-08-12 00:32:37,797 - INFO - (False, '[GAME NOT FOUND]')
2026-08-12 00:32:37,797 - INFO - itsBxK
2026-08-12 00:32:37,797 - INFO - 364
2026-08-12 00:32:38,790 - INFO - (False, '[GAME NOT FOUND]')
2026-08-12 00:32:38,791 - INFO - Uhmmieeee
2026-08-12 00:32:38,791 - INFO - 372
2026-08-12 00:32:40,765 - INFO - (False, '[GAME NOT FOUND]')
2026-08-12 00:32:40,765 - INFO - dual_flurry
2026-08-12 00:32:40,765 - INFO - 379
2026-08-12 00:32:42,824 - INFO - (False, '[GAME NOT FOUND]')
2026-08-12 00:32:42,824 - INFO - babyking1205
2026-08-12 00:32:42,824 - INFO - 380
2026-08-12 00:32:43,989 - INFO - (False, '[GAME NOT FOUND]')
2026-08-12 00:32:43,989 - INFO - AdowbongManacc1234
2026-08-12 00:32:43,989 - INFO - 375
2026-08-12 00:32:45,587 - INFO - (False, '[GAME NOT FOUND]')
2026-08-12 00:32:45,587 - INFO - sev_venn
2026-08-12 00:32:45,587 - INFO - 373
2026-08-12 00:32:46,177 - INFO - (False, '[GAME NOT FOUND]')
2026-08-12 00:32:46,178 - INFO - eljonbalala
2026-08-12 00:32:46,181 - INFO - 374
2026-08-12 00:32:46,185 - INFO - (False, '[GAME NOT FOUND]')
2026-08-12 00:32:46,185 - INFO - Ruedenor330
2026-08-12 00:32:46,185 - INFO - 378
2026-08-12 00:32:47,659 - INFO - (False, '[GAME NOT FOUND]')
2026-08-12 00:32:47,659 - INFO - Pobstogo
2026-08-12 00:32:47,659 - INFO - 382
2026-08-12 00:32:49,094 - INFO - (False, '[GAME NOT FOUND]')
2026-08-12 00:32:49,094 - INFO - huzienbangon
2026-08-12 00:32:49,094 - INFO - 385
2026-08-12 00:32:51,075 - INFO - (False, '[GAME NOT FOUND]')
2026-08-12 00:32:51,076 - INFO - magnumcharger
2026-08-12 00:32:51,076 - INFO - 389
2026-08-12 00:32:51,431 - INFO - (False, '[GAME NOT FOUND]')
2026-08-12 00:32:51,431 - INFO - Edwinvicencion
2026-08-12 00:32:51,431 - INFO - 387
2026-08-12 00:32:52,802 - INFO - (False, '[GAME NOT FOUND]')
2026-08-12 00:32:52,802 - INFO - SeasonYourFood
2026-08-12 00:32:52,802 - INFO - 377
2026-08-12 00:32:55,622 - INFO - (False, '[GAME NOT FOUND]')
2026-08-12 00:32:55,622 - INFO - krosvic
2026-08-12 00:32:55,622 - INFO - 388
2026-08-12 00:32:56,910 - INFO - (False, '[GAME NOT FOUND]')
2026-08-12 00:32:56,910 - INFO - CoachNad
2026-08-12 00:32:56,910 - INFO - 381
2026-08-12 00:32:56,914 - INFO - (False, '[GAME NOT FOUND]')
2026-08-12 00:32:56,914 - INFO - super-wingwing
2026-08-12 00:32:56,914 - INFO - 369
2026-08-12 00:32:58,767 - INFO - (False, '[GAME NOT FOUND]')
2026-08-12 00:32:58,767 - INFO - RoqmanRoque
2026-08-12 00:32:58,767 - INFO - 386
2026-08-12 00:32:59,629 - INFO - (False, '[GAME NOT FOUND]')
2026-08-12 00:32:59,629 - INFO - kuyacoach
2026-08-12 00:32:59,629 - INFO - 384
2026-08-12 00:33:00,505 - INFO - (False, '[GAME NOT FOUND]')
2026-08-12 00:33:00,505 - INFO - KDSP06
2026-08-12 00:33:00,506 - INFO - 396
2026-08-12 00:33:00,924 - INFO - (False, '[GAME NOT FOUND]')
2026-08-12 00:33:00,924 - INFO - Judas2008
2026-08-12 00:33:00,924 - INFO - 392
2026-08-12 00:33:01,532 - INFO - (False, '[GAME NOT FOUND]')
2026-08-12 00:33:01,532 - INFO - GeyzsoN
2026-08-12 00:33:01,532 - INFO - 395
2026-08-12 00:33:12,776 - INFO - (False, '[GAME NOT FOUND]')
2026-08-12 00:33:12,777 - INFO - Migster28
2026-08-12 00:33:12,777 - INFO - 383
2026-08-12 00:33:13,621 - INFO - (False, '[GAME NOT FOUND]')
2026-08-12 00:33:13,622 - INFO - The_destruction2240
2026-08-12 00:33:13,622 - INFO - 398
2026-08-12 00:33:16,089 - INFO - (False, '[GAME NOT FOUND]')
2026-08-12 00:33:16,089 - INFO - le_asher
2026-08-12 00:33:16,089 - INFO - 397
2026-08-12 00:33:16,137 - INFO - (False, '[GAME NOT FOUND]')
2026-08-12 00:33:16,137 - INFO - Arskie13
2026-08-12 00:33:16,137 - INFO - 390
2026-08-12 00:33:16,185 - INFO - (False, '[GAME NOT FOUND]')
2026-08-12 00:33:16,185 - INFO - malikmata
2026-08-12 00:33:16,185 - INFO - 402
2026-08-12 00:33:17,217 - INFO - (False, '[GAME NOT FOUND]')
2026-08-12 00:33:17,217 - INFO - Rommel0431
2026-08-12 00:33:17,217 - INFO - 401
2026-08-12 00:33:17,681 - INFO - (False, '[GAME NOT FOUND]')
2026-08-12 00:33:17,681 - INFO - Dodong_Kambi1
2026-08-12 00:33:17,681 - INFO - 399
2026-08-12 00:33:19,183 - INFO - (False, '[GAME NOT FOUND]')
2026-08-12 00:33:19,183 - INFO - kuloping
2026-08-12 00:33:19,183 - INFO - 394
2026-08-12 00:33:20,122 - INFO - (False, '[GAME NOT FOUND]')
2026-08-12 00:33:20,122 - INFO - baguhan_34
2026-08-12 00:33:20,122 - INFO - 405
2026-08-12 00:33:21,883 - INFO - (False, '[GAME NOT FOUND]')
2026-08-12 00:33:21,883 - INFO - ashbhe
2026-08-12 00:33:21,883 - INFO - 400
2026-08-12 00:33:22,202 - INFO - (False, '[GAME NOT FOUND]')
2026-08-12 00:33:22,202 - INFO - Kordapyu
2026-08-12 00:33:22,202 - INFO - 404
2026-08-12 00:33:22,608 - INFO - (False, '[GAME NOT FOUND]')
2026-08-12 00:33:22,608 - INFO - miekel27
2026-08-12 00:33:22,608 - INFO - 403
2026-08-12 00:33:23,156 - INFO - (False, '[GAME NOT FOUND]')
2026-08-12 00:33:23,156 - INFO - Lanceeeyyyy
2026-08-12 00:33:23,156 - INFO - 409
2026-08-12 00:33:23,974 - INFO - (False, '[GAME NOT FOUND]')
2026-08-12 00:33:23,974 - INFO - Aeroisded
2026-08-12 00:33:23,974 - INFO - 393
2026-08-12 00:33:24,120 - INFO - (False, '[GAME NOT FOUND]')
2026-08-12 00:33:24,120 - INFO - genuinelymj
2026-08-12 00:33:24,120 - INFO - 410
2026-08-12 00:33:24,316 - INFO - (False, '[GAME NOT FOUND]')
2026-08-12 00:33:24,316 - INFO - Shekaina_Sean
2026-08-12 00:33:24,316 - INFO - 407
2026-08-12 00:33:24,580 - INFO - (False, '[GAME NOT FOUND]')
2026-08-12 00:33:24,581 - INFO - ako_C_renzo
2026-08-12 00:33:24,581 - INFO - 406
2026-08-12 00:33:27,098 - INFO - (False, '[GAME NOT FOUND]')
2026-08-12 00:33:27,099 - INFO - rvngsxn
2026-08-12 00:33:27,099 - INFO - 414
2026-08-12 00:33:29,623 - INFO - (False, '[GAME NOT FOUND]')
2026-08-12 00:33:29,623 - INFO - ArvinRiverKnight
2026-08-12 00:33:29,623 - INFO - 418
2026-08-12 00:33:30,605 - INFO - (False, '[GAME NOT FOUND]')
2026-08-12 00:33:30,605 - INFO - dhodoy69
2026-08-12 00:33:30,605 - INFO - 417
2026-08-12 00:33:32,962 - INFO - (False, '[GAME NOT FOUND]')
2026-08-12 00:33:32,962 - INFO - milococ
2026-08-12 00:33:32,962 - INFO - 415
2026-08-12 00:33:33,121 - INFO - (False, '[GAME NOT FOUND]')
2026-08-12 00:33:33,121 - INFO - fall_yeah05
2026-08-12 00:33:33,121 - INFO - 413
2026-08-12 00:33:35,053 - INFO - (False, '[GAME NOT FOUND]')
2026-08-12 00:33:35,054 - INFO - Dnl58728
2026-08-12 00:33:35,054 - INFO - 419
2026-08-12 00:33:35,510 - INFO - (False, '[GAME NOT FOUND]')
2026-08-12 00:33:35,510 - INFO - salindatu
2026-08-12 00:33:35,510 - INFO - 412
2026-08-12 00:33:40,518 - INFO - (False, '[GAME NOT FOUND]')
2026-08-12 00:33:40,518 - INFO - BhiveBuns
2026-08-12 00:33:40,518 - INFO - 411
2026-08-12 00:33:43,116 - INFO - (False, '[GAME NOT FOUND]')
2026-08-12 00:33:43,117 - INFO - Mikepag3
2026-08-12 00:33:43,117 - INFO - 421
2026-08-12 00:33:43,788 - INFO - (False, '[GAME NOT FOUND]')
2026-08-12 00:33:43,788 - INFO - Rudeeeem
2026-08-12 00:33:43,788 - INFO - 416
2026-08-12 00:33:44,431 - INFO - (False, '[GAME NOT FOUND]')
2026-08-12 00:33:44,431 - INFO - Markley1
2026-08-12 00:33:44,432 - INFO - 423
2026-08-12 00:33:44,772 - INFO - (False, '[GAME NOT FOUND]')
2026-08-12 00:33:44,772 - INFO - SirAngeloMalinginCTUTabs
2026-08-12 00:33:44,773 - INFO - 425
2026-08-12 00:33:46,301 - INFO - (False, '[GAME NOT FOUND]')
2026-08-12 00:33:46,301 - INFO - pashaway
2026-08-12 00:33:46,301 - INFO - 391
2026-08-12 00:33:46,366 - INFO - (False, '[GAME NOT FOUND]')
2026-08-12 00:33:46,366 - INFO - james4285EV
2026-08-12 00:33:46,366 - INFO - 427
2026-08-12 00:33:46,861 - INFO - (False, '[GAME NOT FOUND]')
2026-08-12 00:33:46,861 - INFO - 16redh
2026-08-12 00:33:46,861 - INFO - 428
2026-08-12 00:33:47,743 - INFO - (False, '[GAME NOT FOUND]')
2026-08-12 00:33:47,743 - INFO - candidatemasterpunk
2026-08-12 00:33:47,743 - INFO - 429
2026-08-12 00:33:48,636 - INFO - (False, '[GAME NOT FOUND]')
2026-08-12 00:33:48,636 - INFO - lowbat3100
2026-08-12 00:33:48,636 - INFO - 430
2026-08-12 00:33:52,231 - INFO - (False, '[GAME NOT FOUND]')
2026-08-12 00:33:52,231 - INFO - JuniorDaniel2011
2026-08-12 00:33:52,232 - INFO - 424
2026-08-12 00:33:52,243 - INFO - (False, '[GAME NOT FOUND]')
2026-08-12 00:33:52,243 - INFO - abac123
2026-08-12 00:33:52,243 - INFO - 433
2026-08-12 00:33:52,657 - INFO - (False, '[GAME NOT FOUND]')
2026-08-12 00:33:52,657 - INFO - JPDA14
2026-08-12 00:33:52,657 - INFO - 431
2026-08-12 00:33:52,664 - INFO - (False, '[This user does not exist]')
2026-08-12 00:33:52,664 - INFO - kamukamotiteko
2026-08-12 00:33:52,664 - INFO - 435
2026-08-12 00:33:54,088 - INFO - (False, '[GAME NOT FOUND]')
2026-08-12 00:33:54,088 - INFO - TheProofngPinas
2026-08-12 00:33:54,088 - INFO - 422
2026-08-12 00:33:56,546 - INFO - (False, '[GAME NOT FOUND]')
2026-08-12 00:33:56,547 - INFO - Chess900Elo
2026-08-12 00:33:56,547 - INFO - 432
2026-08-12 00:33:56,652 - INFO - (False, '[GAME NOT FOUND]')
2026-08-12 00:33:56,652 - INFO - solstice_21
2026-08-12 00:33:56,652 - INFO - 437
2026-08-12 00:33:57,630 - INFO - (False, '[GAME NOT FOUND]')
2026-08-12 00:33:57,630 - INFO - Buhawi0128
2026-08-12 00:33:57,630 - INFO - 436
2026-08-12 00:33:58,892 - INFO - (False, '[GAME NOT FOUND]')
2026-08-12 00:33:58,892 - INFO - fireflies2007
2026-08-12 00:33:58,892 - INFO - 438
2026-08-12 00:34:01,894 - INFO - (False, '[GAME NOT FOUND]')
2026-08-12 00:34:01,894 - INFO - vincent-luigi
2026-08-12 00:34:01,894 - INFO - 408
2026-08-12 00:34:20,427 - INFO - (False, '[GAME NOT FOUND]')
2026-08-12 00:34:20,427 - INFO - Bini-Gwen-Official
2026-08-12 00:34:20,427 - INFO - 440
2026-08-12 00:34:20,452 - INFO - (False, '[GAME NOT FOUND]')
2026-08-12 00:34:20,452 - INFO - Loverboy33
2026-08-12 00:34:20,452 - INFO - 444
2026-08-12 00:34:21,235 - INFO - (False, '[GAME NOT FOUND]')
2026-08-12 00:34:21,235 - INFO - Gastaag
2026-08-12 00:34:21,235 - INFO - 441
2026-08-12 00:34:24,185 - INFO - (False, '[GAME NOT FOUND]')
2026-08-12 00:34:24,185 - INFO - henrick0412
2026-08-12 00:34:24,185 - INFO - 443
2026-08-12 00:34:27,994 - INFO - (False, '[GAME NOT FOUND]')
2026-08-12 00:34:27,994 - INFO - GM_Killerr
2026-08-12 00:34:27,994 - INFO - 420
2026-08-12 00:34:29,938 - INFO - (False, '[GAME NOT FOUND]')
2026-08-12 00:34:29,938 - INFO - jregzr
2026-08-12 00:34:29,938 - INFO - 426
2026-08-12 00:34:33,541 - INFO - (False, '[GAME NOT FOUND]')
2026-08-12 00:34:33,542 - INFO - Mond95
2026-08-12 00:34:33,542 - INFO - 439
2026-08-12 00:34:33,543 - INFO - (False, '[GAME NOT FOUND]')
2026-08-12 00:34:33,544 - INFO - Dion_Advincula
2026-08-12 00:34:33,544 - INFO - 449
2026-08-12 00:34:34,284 - INFO - (False, '[GAME NOT FOUND]')
2026-08-12 00:34:34,284 - INFO - DuventyN
2026-08-12 00:34:34,284 - INFO - 446
2026-08-12 00:34:46,212 - INFO - (False, '[GAME NOT FOUND]')
2026-08-12 00:34:46,212 - INFO - Silent-Gambit143
2026-08-12 00:34:46,212 - INFO - 448
2026-08-12 00:34:46,214 - INFO - (False, '[GAME NOT FOUND]')
2026-08-12 00:34:46,214 - INFO - Prolimit
2026-08-12 00:34:46,215 - INFO - 442
2026-08-12 00:34:46,216 - INFO - (False, '[GAME NOT FOUND]')
2026-08-12 00:34:46,216 - INFO - pokermonster31
2026-08-12 00:34:46,216 - INFO - 453
2026-08-12 00:34:46,334 - INFO - (False, '[GAME NOT FOUND]')
2026-08-12 00:34:46,334 - INFO - Mr-Ogen
2026-08-12 00:34:46,334 - INFO - 450
2026-08-12 00:34:48,466 - INFO - (False, '[This user does not exist]')
2026-08-12 00:34:48,466 - INFO - Chris_J123
2026-08-12 00:34:48,466 - INFO - 457
2026-08-12 00:34:48,537 - INFO - (False, '[GAME NOT FOUND]')
2026-08-12 00:34:48,537 - INFO - iamweakerrrr
2026-08-12 00:34:48,537 - INFO - 456
2026-08-12 00:34:51,596 - INFO - (False, '[GAME NOT FOUND]')
2026-08-12 00:34:51,596 - INFO - tehanongorasna
2026-08-12 00:34:51,596 - INFO - 445
2026-08-12 00:34:55,227 - INFO - (False, '[GAME NOT FOUND]')
2026-08-12 00:34:55,227 - INFO - deep_furr
2026-08-12 00:34:55,227 - INFO - 459
2026-08-12 00:34:56,595 - INFO - (False, '[GAME NOT FOUND]')
2026-08-12 00:34:56,595 - INFO - goalnationalchamp
2026-08-12 00:34:56,595 - INFO - 455
2026-08-12 00:34:58,508 - INFO - (False, '[GAME NOT FOUND]')
2026-08-12 00:34:58,508 - INFO - Sneaky_Pickle
2026-08-12 00:34:58,509 - INFO - 447
2026-08-12 00:34:58,664 - INFO - (False, '[GAME NOT FOUND]')
2026-08-12 00:34:58,664 - INFO - Falcinm
2026-08-12 00:34:58,664 - INFO - 451
2026-08-12 00:35:00,592 - INFO - (False, '[GAME NOT FOUND]')
2026-08-12 00:35:00,592 - INFO - u_s_man1
2026-08-12 00:35:00,592 - INFO - 458
2026-08-12 00:35:00,635 - INFO - (False, '[GAME NOT FOUND]')
2026-08-12 00:35:00,635 - INFO - richardpelaez
2026-08-12 00:35:00,635 - INFO - 462
2026-08-12 00:35:02,493 - INFO - (False, '[GAME NOT FOUND]')
2026-08-12 00:35:02,493 - INFO - ReyReyes1
2026-08-12 00:35:02,493 - INFO - 434
2026-08-12 00:35:02,530 - INFO - (False, '[GAME NOT FOUND]')
2026-08-12 00:35:02,530 - INFO - testingrxvse
2026-08-12 00:35:02,530 - INFO - 464
2026-08-12 00:35:04,598 - WARNING - Retrying (Retry(total=2, connect=None, read=None, redirect=None, status=None)) after connection broken by 'ReadTimeoutError("HTTPSConnectionPool(host='api.chess.com', port=443): Read timed out. (read timeout=30)")': /pub/player/mikhailgx9900/games/archives
2026-08-12 00:35:13,868 - INFO - (False, '[GAME NOT FOUND]')
2026-08-12 00:35:13,868 - INFO - JmSerguino
2026-08-12 00:35:13,868 - INFO - 461
2026-08-12 00:35:14,045 - INFO - (False, '[GAME NOT FOUND]')
2026-08-12 00:35:14,045 - INFO - Nathannn485
2026-08-12 00:35:14,045 - INFO - 463
2026-08-12 00:35:14,955 - INFO - (False, '[GAME NOT FOUND]')
2026-08-12 00:35:14,955 - INFO - mikhailgx9900
2026-08-12 00:35:14,955 - INFO - 454
2026-08-12 00:35:15,490 - INFO - (False, '[GAME NOT FOUND]')
2026-08-12 00:35:15,491 - INFO - soleightude
2026-08-12 00:35:15,491 - INFO - 466
2026-08-12 00:35:15,872 - INFO - (False, '[GAME NOT FOUND]')
2026-08-12 00:35:15,872 - INFO - juliusablin
2026-08-12 00:35:15,872 - INFO - 468
2026-08-12 00:35:15,972 - INFO - (False, '[GAME NOT FOUND]')
2026-08-12 00:35:15,972 - INFO - Marching-mark
2026-08-12 00:35:15,973 - INFO - 469
2026-08-12 00:35:17,068 - INFO - (False, '[GAME NOT FOUND]')
2026-08-12 00:35:17,068 - INFO - ACC-Pro
2026-08-12 00:35:17,068 - INFO - 452
2026-08-12 00:35:17,640 - INFO - (False, '[GAME NOT FOUND]')
2026-08-12 00:35:17,640 - INFO - vramonespela
2026-08-12 00:35:17,640 - INFO - 471
2026-08-12 00:35:17,658 - INFO - (False, '[GAME NOT FOUND]')
2026-08-12 00:35:17,658 - INFO - TatakEasters
2026-08-12 00:35:17,658 - INFO - 465
2026-08-12 00:35:18,324 - INFO - (False, '[GAME NOT FOUND]')
2026-08-12 00:35:18,324 - INFO - Tchibot
2026-08-12 00:35:18,324 - INFO - 470
2026-08-12 00:35:19,468 - INFO - (False, '[GAME NOT FOUND]')
2026-08-12 00:35:19,468 - INFO - anthony4084
2026-08-12 00:35:19,468 - INFO - 473
2026-08-12 00:35:19,907 - INFO - (False, '[GAME NOT FOUND]')
2026-08-12 00:35:19,907 - INFO - FLINTZANITY
2026-08-12 00:35:19,907 - INFO - 476
2026-08-12 00:35:20,151 - INFO - (False, '[GAME NOT FOUND]')
2026-08-12 00:35:20,151 - INFO - Bryskyyy
2026-08-12 00:35:20,151 - INFO - 472
2026-08-12 00:35:34,376 - INFO - (False, '[GAME NOT FOUND]')
2026-08-12 00:35:34,376 - INFO - War251
2026-08-12 00:35:34,376 - INFO - 460
2026-08-12 00:35:34,554 - INFO - (False, '[GAME NOT FOUND]')
2026-08-12 00:35:34,554 - INFO - andbeyond8
2026-08-12 00:35:34,554 - INFO - 479
2026-08-12 00:35:34,951 - INFO - (False, '[GAME NOT FOUND]')
2026-08-12 00:35:34,951 - INFO - CMlevel
2026-08-12 00:35:34,951 - INFO - 477
2026-08-12 00:35:35,460 - INFO - (False, '[GAME NOT FOUND]')
2026-08-12 00:35:35,460 - INFO - sideline64
2026-08-12 00:35:35,460 - INFO - 482
2026-08-12 00:35:36,913 - INFO - (False, '[GAME NOT FOUND]')
2026-08-12 00:35:36,915 - INFO - pimax
2026-08-12 00:35:36,915 - INFO - 467
2026-08-12 00:35:36,916 - INFO - (False, '[GAME NOT FOUND]')
2026-08-12 00:35:36,916 - INFO - gmjoey1
2026-08-12 00:35:36,916 - INFO - 475
2026-08-12 00:35:36,916 - INFO - (False, '[GAME NOT FOUND]')
2026-08-12 00:35:36,916 - INFO - gmjimzon
2026-08-12 00:35:36,916 - INFO - 478
2026-08-12 00:35:37,041 - INFO - (False, '[GAME NOT FOUND]')
2026-08-12 00:35:37,046 - INFO - hevocity
2026-08-12 00:35:37,046 - INFO - 485
2026-08-12 00:35:37,326 - INFO - (False, '[GAME NOT FOUND]')
2026-08-12 00:35:37,326 - INFO - Cm8142397madrigal105
2026-08-12 00:35:37,326 - INFO - 480
2026-08-12 00:35:38,166 - INFO - (False, '[GAME NOT FOUND]')
2026-08-12 00:35:38,166 - INFO - Knesvlog
2026-08-12 00:35:38,166 - INFO - 484
2026-08-12 00:35:39,887 - INFO - (False, '[GAME NOT FOUND]')
2026-08-12 00:35:39,887 - INFO - tonzkie0813
2026-08-12 00:35:39,887 - INFO - 474
2026-08-12 00:35:40,667 - INFO - (False, '[GAME NOT FOUND]')
2026-08-12 00:35:40,667 - INFO - RatingSlayer2007
2026-08-12 00:35:40,667 - INFO - 491
2026-08-12 00:35:41,140 - INFO - (False, '[GAME NOT FOUND]')
2026-08-12 00:35:41,140 - INFO - labodiaz
2026-08-12 00:35:41,140 - INFO - 486
2026-08-12 00:35:41,162 - INFO - (False, '[GAME NOT FOUND]')
2026-08-12 00:35:41,162 - INFO - JaypieBolado_PCAP
2026-08-12 00:35:41,162 - INFO - 487
2026-08-12 00:35:41,567 - INFO - (False, '[GAME NOT FOUND]')
2026-08-12 00:35:41,567 - INFO - KenPez
2026-08-12 00:35:41,567 - INFO - 490
